state,statenum,year,Governor,l_cf_mean,u_cf_mean,court_cf_mean,Lower,Upper,court_cf_median,min_dist_1,max_dist_1,dist_1_x_zero,dist_1_all_r,dist_1_gov_extr,distance_1_gov_leg_med,min_dist_2,max_dist_2,dist_2_x_zero,dist_2_all_r,dist_2_gov_extr,distance_2_gov_leg_ct_med,min_dist_3,max_dist_3,dist_3_x_zero,dist_3_all_r,dist_3_gov_extr,distance_3_gov_leg_mean,min_dist_4,max_dist_4,dist_4_x_zero,dist_4_all_r,dist_4_gov_extr,distance_4_gov_leg_ct_mean,u_leader_cf,l_speaker_cf,min_dist_5,max_dist_5,dist_5_x_zero,dist_5_all_r,dist_5_gov_extr,distance_5_gov_ulead_lspeak,u_comchair_health_cf,l_comchair_health_cf,min_dist_6,max_dist_6,dist_6_x_zero,dist_6_all_r,dist_6_gov_extr,distance_6_gov_health,u_comchair_ed_cf,l_comchair_ed_cf,min_dist_7,max_dist_7,dist_7_x_zero,dist_7_all_r,dist_7_gov_extr,distance_7_gov_ed,u_comchair_trans_cf,l_comchair_trans_cf,min_dist_8,max_dist_8,dist_8_x_zero,dist_8_all_r,dist_8_gov_extr,distance_8_gov_trans,state_ideology,min,max,ranney4_control,Gov_Name,Gov_Party,ranney1_sen_dem_prop,sen_dem_in_sess,sen_rep_in_sess,sen_ind_in_sess,sen_tot_in_sess,hs_dem_in_sess,hs_rep_in_sess,hs_ind_in_sess,hs_tot_in_sess,state_party,Leg_Composition
AK,2,2004,0.5480247735977173,0.03167729824781418,-0.013421700336039066,NA,0.24129919707775116,0.2552799880504608,NA,0.24129919707775116,0.5480247735977173,0,1,1,0.3067255914211273,NA,NA,NA,NA,NA,NA,-0.013421700336039066,0.5480247735977173,1,0,1,0.561446487903595,NA,NA,NA,NA,NA,NA,0.3121914863586426,0.16911210119724274,0.16911210119724274,0.5480247735977173,0,1,1,0.16911210119724274,0.26669079065322876,0.39910799264907837,0.26669079065322876,0.5480247735977173,0,1,1,0.2813340127468109,0.26669079065322876,0.4950583875179291,0.26669079065322876,0.5480247735977173,0,1,1,0.2813340127468109,0.38958388566970825,0.5822849273681641,0.38958388566970825,0.5822849273681641,0,1,0,0.19270099699497223,All Conservative,0.24129919707775116,0.5480247735977173,0,Murkowski Frank H.,0,0.4,8,12,0,20,13,27,0,40,All Republican,R
AL,1,2004,0.8927860856056213,0.4042241871356964,0.4154896140098572,0.7342159748077393,0.36194831132888794,0.3678140938282013,0.7633352875709534,0.36194831132888794,0.8927860856056213,0,1,1,0.5308377742767334,0.36194831132888794,0.8927860856056213,0,1,1,0.5308377742767334,0.4042241871356964,0.8927860856056213,0,1,1,0.4885618984699249,0.4042241871356964,0.8927860856056213,0,1,1,0.4885618984699249,-0.20923259854316711,0.4301356077194214,-0.20923259854316711,0.8927860856056213,1,0,1,0.20923259854316711,0.3457620143890381,0.3249463140964508,0.3249463140964508,0.8927860856056213,0,1,1,0.5678398013114929,0.40513691306114197,0.3159570097923279,0.3159570097923279,0.8927860856056213,0,1,1,0.5768290758132935,0.3144390881061554,0.43517398834228516,0.3144390881061554,0.8927860856056213,0,1,1,0.5783470273017883,All Conservative,0.36194831132888794,0.8927860856056213,0.5,Riley Bob,0,0.7142857,25,10,0,35,63,42,0,105,Divided,D
AR,4,2004,0.4133240878582001,-0.01839750073850155,0.01485500019043684,-0.5043354034423828,-0.0931439995765686,-0.11969249695539474,-0.4919475018978119,-0.11969249695539474,0.4133240878582001,1,0,1,0.5330166220664978,-0.4919475018978119,0.4133240878582001,1,0,1,0.905271589756012,-0.01839750073850155,0.4133240878582001,1,0,1,0.43172159790992737,-0.5043354034423828,0.4133240878582001,1,0,1,0.9176595211029053,NA,-0.08869890123605728,NA,NA,NA,NA,NA,NA,-0.21394529938697815,-0.515917181968689,-0.515917181968689,0.4133240878582001,1,0,1,0.9292412996292114,-0.4404909908771515,-0.4496136009693146,-0.4496136009693146,0.4133240878582001,1,0,1,0.8629376888275146,-0.14213910698890686,-0.16268689930438995,-0.16268689930438995,0.4133240878582001,1,0,1,0.5760110020637512,Mixed,-0.11969249695539474,0.4133240878582001,0.5,Huckabee Mike,0,0.7714286,27,8,0,35,70,30,0,100,Divided,D
AZ,3,2004,-0.6952145099639893,0.3146032989025116,0.20543229579925537,NA,0.5527396202087402,0.3965942859649658,NA,-0.6952145099639893,0.5527396202087402,1,0,1,1.2479541301727295,NA,NA,NA,NA,NA,NA,-0.6952145099639893,0.3146032989025116,1,0,1,1.0098178386688232,NA,NA,NA,NA,NA,NA,1.016105055809021,0.6739410161972046,-0.6952145099639893,1.016105055809021,1,0,1,0.6952145099639893,0.2403717041015625,0.59511798620224,-0.6952145099639893,0.59511798620224,1,0,1,1.290332555770874,0.34010910987854004,0.6418265104293823,-0.6952145099639893,0.6418265104293823,1,0,1,1.3370410203933716,0.6604896783828735,0.7657601237297058,-0.6952145099639893,0.7657601237297058,1,0,1,1.4609745740890503,Mixed,-0.6952145099639893,0.5527396202087402,0.5,Napolitano Janet,1,0.4,13,17,0,30,21,39,0,60,Divided,R
CA,5,2004,0.5623617768287659,-0.2810077965259552,-0.28663501143455505,NA,-0.5465841293334961,-0.6028782725334167,NA,-0.6028782725334167,0.5623617768287659,1,0,1,1.1652400493621826,NA,NA,NA,NA,NA,NA,-0.28663501143455505,0.5623617768287659,1,0,1,0.8489968180656433,NA,NA,NA,NA,NA,NA,-0.6701948046684265,-0.5741211771965027,-0.6701948046684265,0.5623617768287659,1,0,1,0.6701948046684265,-0.7932667136192322,-0.6420974135398865,-0.7932667136192322,0.5623617768287659,1,0,1,1.355628490447998,-0.8117486238479614,-0.9555624723434448,-0.9555624723434448,0.5623617768287659,1,0,1,1.5179243087768555,-0.6959912180900574,-0.5527613759040833,-0.6959912180900574,0.5623617768287659,1,0,1,1.2583529949188232,Mixed,-0.6028782725334167,0.5623617768287659,0.5,Schwarzenegger Arnold,0,0.625,25,15,0,40,48,32,0,80,Divided,D
CO,6,2004,0.8451697826385498,0.0012387000024318695,-0.055716998875141144,NA,0.4793933033943176,0.22617469727993011,NA,0.22617469727993011,0.8451697826385498,0,1,1,0.6189950704574585,NA,NA,NA,NA,NA,NA,-0.055716998875141144,0.8451697826385498,1,0,1,0.9008867740631104,NA,NA,NA,NA,NA,NA,1.1189559698104858,0.417142391204834,0.417142391204834,1.1189559698104858,0,1,0,0.417142391204834,0.6475117802619934,0.7713481783866882,0.6475117802619934,0.8451697826385498,0,1,1,0.1976580023765564,0.7813431024551392,0.7261120080947876,0.7261120080947876,0.8451697826385498,0,1,1,0.119057796895504,0.8489152193069458,0.3102205991744995,0.3102205991744995,0.8489152193069458,0,1,0,0.5386946201324463,All Conservative,0.22617469727993011,0.8451697826385498,0.5,Owens Bill,0,0.5142857,17,18,0,35,28,37,0,65,Divided,R
CT,7,2004,0.14040470123291016,-0.4496898055076599,-0.4107131063938141,NA,-0.7436079978942871,-0.664263904094696,NA,-0.7436079978942871,0.14040470123291016,1,0,1,0.8840126991271973,NA,NA,NA,NA,NA,NA,-0.4496898055076599,0.14040470123291016,1,0,1,0.5900945067405701,NA,NA,NA,NA,NA,NA,-0.8837537169456482,-0.6750335097312927,-0.8837537169456482,0.14040470123291016,1,0,1,0.8837537169456482,-1.4018800258636475,-0.8948047161102295,-1.4018800258636475,0.14040470123291016,1,0,1,1.5422847270965576,-0.7383754253387451,-0.830806314945221,-0.830806314945221,0.14040470123291016,1,0,1,0.9712110161781311,-0.6781740188598633,-0.6081042885780334,-0.6781740188598633,0.14040470123291016,1,0,1,0.8185787200927734,Mixed,-0.7436079978942871,0.14040470123291016,0.5,Rell M. Jodi,0,0.6666667,21,15,0,36,95,56,0,151,Divided,D
DE,8,2004,-0.6340190768241882,0.05179959908127785,-0.09907930344343185,NA,0.12148720026016235,-0.3003501892089844,NA,-0.6340190768241882,0.12148720026016235,1,0,1,0.7555062770843506,NA,NA,NA,NA,NA,NA,-0.6340190768241882,0.05179959908127785,1,0,1,0.6858186721801758,NA,NA,NA,NA,NA,NA,-0.5025330185890198,-0.10843910276889801,-0.6340190768241882,-0.10843910276889801,0,0,1,0.6340190768241882,-0.47237348556518555,0.09663280099630356,-0.6340190768241882,0.09663280099630356,1,0,1,0.7306519150733948,-0.5844811201095581,0.4258683919906616,-0.6340190768241882,0.4258683919906616,1,0,1,1.0598875284194946,-0.42759180068969727,0.3950904905796051,-0.6340190768241882,0.3950904905796051,1,0,1,1.0291095972061157,Mixed,-0.6340190768241882,0.12148720026016235,0.5,Minner Ruth Ann,1,0.6190476,13,8,0,21,12,29,0,41,Divided,S
FL,9,2004,0.7288305163383484,0.34669241309165955,0.2339566946029663,NA,0.4553341865539551,0.422883003950119,NA,0.422883003950119,0.7288305163383484,0,1,1,0.30594751238822937,NA,NA,NA,NA,NA,NA,0.2339566946029663,0.7288305163383484,0,1,1,0.4948737919330597,NA,NA,NA,NA,NA,NA,0.4210174083709717,0.5336732864379883,0.4210174083709717,0.7288305163383484,0,1,1,0.4210174083709717,0.42872801423072815,0.45739251375198364,0.42872801423072815,0.7288305163383484,0,1,1,0.30010250210762024,0.5042027235031128,0.8591830730438232,0.5042027235031128,0.8591830730438232,0,1,0,0.3549804091453552,0.5969399809837341,0.5035253167152405,0.5035253167152405,0.7288305163383484,0,1,1,0.2253051996231079,All Conservative,0.422883003950119,0.7288305163383484,0,Bush Jeb,0,0.35,14,26,0,40,39,81,0,120,All Republican,R
GA,10,2004,0.9454516172409058,0.5439019203186035,0.5666199922561646,-0.09735430032014847,0.6151183843612671,0.6369823217391968,-0.17488789558410645,0.6151183843612671,0.9454516172409058,0,1,1,0.3303332030773163,-0.17488789558410645,0.9454516172409058,1,0,1,1.1203395128250122,0.5439019203186035,0.9454516172409058,0,1,1,0.40154969692230225,-0.09735430032014847,0.9454516172409058,1,0,1,1.0428059101104736,0.99378502368927,0.5292919278144836,0.5292919278144836,0.99378502368927,0,1,0,0.5292919278144836,0.9174175262451172,0.3530263900756836,0.3530263900756836,0.9454516172409058,0,1,1,0.5924252271652222,0.8861203789710999,0.3539122939109802,0.3539122939109802,0.9454516172409058,0,1,1,0.5915393233299255,0.799247682094574,0.4665868878364563,0.4665868878364563,0.9454516172409058,0,1,1,0.4788646996021271,All Conservative,0.6151183843612671,0.9454516172409058,0,Perdue Sonny,0,0.3928571,26,30,0,56,107,72,1,180,All Republican,S
HI,11,2004,0.2398567944765091,-0.5667076706886292,-0.6366440057754517,NA,-0.7412974238395691,-0.7602623105049133,NA,-0.7602623105049133,0.2398567944765091,1,0,1,1.0001190900802612,NA,NA,NA,NA,NA,NA,-0.6366440057754517,0.2398567944765091,1,0,1,0.8765007853507996,NA,NA,NA,NA,NA,NA,-0.8491641283035278,-0.6841843128204346,-0.8491641283035278,0.2398567944765091,1,0,1,0.8491641283035278,-0.8615800142288208,-0.7062159776687622,-0.8615800142288208,0.2398567944765091,1,0,1,1.1014368534088135,-0.6593657732009888,-0.8482130765914917,-0.8482130765914917,0.2398567944765091,1,0,1,1.0880699157714844,-0.6754518747329712,-0.7096344232559204,-0.7096344232559204,0.2398567944765091,1,0,1,0.9494912028312683,Mixed,-0.7602623105049133,0.2398567944765091,0.5,Lingle Linda,0,0.8,20,5,0,25,36,15,0,51,Divided,D
IA,15,2004,-0.9995017051696777,0.13014529645442963,0.19450749456882477,NA,0.5002852082252502,0.5057069063186646,NA,-0.9995017051696777,0.5057069063186646,1,0,1,1.5052086114883423,NA,NA,NA,NA,NA,NA,-0.9995017051696777,0.19450749456882477,1,0,1,1.1940091848373413,NA,NA,NA,NA,NA,NA,0.687796413898468,0.6884763240814209,-0.9995017051696777,0.6884763240814209,1,0,1,0.9995017051696777,0.7249330878257751,0.8441681861877441,-0.9995017051696777,0.8441681861877441,1,0,1,1.8436698913574219,0.5057069063186646,0.7836083769798279,-0.9995017051696777,0.7836083769798279,1,0,1,1.7831101417541504,0.7903618216514587,0.60410308837890625,-0.9995017051696777,0.7903618216514587,1,0,1,1.7898634672164917,Mixed,-0.9995017051696777,0.5057069063186646,0.5,Vilsack Tom,1,0.5,21,29,0,50,47,53,0,100,Divided,R
ID,12,2004,1.0531259775161743,0.8472868204116821,0.8121321201324463,NA,1.130687952041626,1.0791399478912354,NA,1.0531259775161743,1.130687952041626,0,1,1,0.07756199687719345,NA,NA,NA,NA,NA,NA,0.8121321201324463,1.0531259775161743,0,1,1,0.2409939020872116,NA,NA,NA,NA,NA,NA,1.059128999710083,1.1053520441055298,1.0531259775161743,1.1053520441055298,0,1,1,1.0531259775161743,1.1892319917678833,1.274446964263916,1.0531259775161743,1.274446964263916,0,1,1,0.2213210016489029,1.0073360204696655,1.1507359743118286,1.0073360204696655,1.1507359743118286,0,1,0,0.14339999854564667,1.094627022743225,1.1999930143356323,1.0531259775161743,1.1999930143356323,0,1,1,0.14686700701713562,All Conservative,1.0531259775161743,1.130687952041626,0,Kempthorne Dirk,0,0.2,7,28,0,35,16,54,0,70,All Republican,R
IL,13,2004,-0.7922691702842712,-0.3424556851387024,-0.2938440144062042,-0.6106637716293335,-0.5024117827415466,-0.4251132011413574,-0.8368744254112244,-0.7922691702842712,-0.4251132011413574,0,0,1,0.3671559989452362,-0.8368744254112244,-0.4251132011413574,0,0,0,0.41176119446754456,-0.7922691702842712,-0.2938440144062042,0,0,1,0.4984251856803894,-0.7922691702842712,-0.2938440144062042,0,0,1,0.4984251856803894,NA,-0.5949190258979797,NA,NA,NA,NA,NA,NA,-1.350869059562683,-0.6107867956161499,-1.350869059562683,-0.6107867956161499,0,0,0,0.7400822043418884,-0.7271144986152649,-0.674556314945221,-0.7922691702842712,-0.674556314945221,0,0,1,0.11771290004253387,-0.2217521071434021,-1.0162659883499146,-1.0162659883499146,-0.2217521071434021,0,0,0,0.7945138812065125,All Liberal,-0.7922691702842712,-0.4251132011413574,1,Blagojevich Rod R.,1,0.5344828,32,26,1,59,66,52,0,118,All Democratic,D
IN,14,2004,-0.23618340492248535,0.19889040291309357,0.36563530564308167,NA,0.009929100051522255,0.5212414264678955,NA,-0.23618340492248535,0.5212414264678955,1,0,1,0.7574247717857361,NA,NA,NA,NA,NA,NA,-0.23618340492248535,0.36563530564308167,1,0,1,0.6018186807632446,NA,NA,NA,NA,NA,NA,0.6259679794311523,-0.14931060373783112,-0.23618340492248535,0.6259679794311523,1,0,1,0.23618340492248535,0.6955031752586365,-0.4737327992916107,-0.4737327992916107,0.6955031752586365,1,0,0,1.1692359447479248,0.7372782230377197,-0.08613219857215881,-0.23618340492248535,0.7372782230377197,1,0,1,0.9734616279602051,0.8022915720939636,-0.5737249255180359,-0.5737249255180359,0.8022915720939636,1,0,0,1.3760164976119995,Mixed,-0.23618340492248535,0.5212414264678955,0,Kernan Joseph E.,1,0.34,18,32,0,50,51,49,0,100,All Republican,S
KS,16,2004,-0.25816428661346436,0.7385274171829224,0.9153038263320923,NA,0.8849725127220154,0.9610099792480469,NA,-0.25816428661346436,0.9610099792480469,1,0,1,1.2191742658615112,NA,NA,NA,NA,NA,NA,-0.25816428661346436,0.9153038263320923,1,0,1,1.1734681129455566,NA,NA,NA,NA,NA,NA,1.0096999406814575,0.8972700238227844,-0.25816428661346436,1.0096999406814575,1,0,1,0.25816428661346436,1.1042929887771606,0.9776763916015625,-0.25816428661346436,1.1042929887771606,1,0,1,1.362457275390625,0.8640521168708801,0.8252658843994141,-0.25816428661346436,0.8640521168708801,1,0,1,1.1222163438796997,0.9888154864311218,0.87980717420578,-0.25816428661346436,0.9888154864311218,1,0,1,1.246979832649231,Mixed,-0.25816428661346436,0.9610099792480469,0.5,Sebelius Kathleen,1,0.25,10,30,0,40,45,80,0,125,Divided,R
KY,17,2004,0.7522218227386475,0.1742164045572281,0.33433330059051514,NA,0.027830200269818306,0.5224303007125854,NA,0.027830200269818306,0.7522218227386475,0,1,1,0.7243915796279907,NA,NA,NA,NA,NA,NA,0.1742164045572281,0.7522218227386475,0,1,1,0.5780053734779358,NA,NA,NA,NA,NA,NA,0.6243150234222412,0.025912199169397354,0.025912199169397354,0.7522218227386475,0,1,1,0.025912199169397354,0.6110671758651733,-0.057151999324560165,-0.057151999324560165,0.7522218227386475,1,0,1,0.8093737959861755,0.6394655108451843,-0.034518398344516754,-0.034518398344516754,0.7522218227386475,1,0,1,0.7867401838302612,0.7820113897323608,0.026541000232100487,0.026541000232100487,0.7820113897323608,0,1,0,0.7554703950881958,All Conservative,0.027830200269818306,0.7522218227386475,0.5,Fletcher Ernie,0,0.3947369,16,22,0,38,63,36,0,100,Divided,S
LA,18,2004,0.3579025864601135,0.43242669105529785,0.4382002055644989,0.2831999957561493,0.47669288516044617,0.4793998897075653,0.12242180109024048,0.3579025864601135,0.4793998897075653,0,1,1,0.12149730324745178,0.12242180109024048,0.4793998897075653,0,1,0,0.35697808861732483,0.3579025864601135,0.4382002055644989,0,1,1,0.08029759675264359,0.2831999957561493,0.4382002055644989,0,1,0,0.15500019490718842,NA,0.4656364917755127,NA,NA,NA,NA,NA,NA,0.7184569239616394,0.729456901550293,0.3579025864601135,0.729456901550293,0,1,1,0.37155428528785706,0.5152450203895569,0.711122989654541,0.3579025864601135,0.711122989654541,0,1,1,0.3532204031944275,0.40982040762901306,0.5854442119598389,0.3579025864601135,0.5854442119598389,0,1,1,0.22754159569740295,All Conservative,0.3579025864601135,0.4793998897075653,1,Blanco Kathleen Babineaux,1,0.6153846,24,15,0,39,66,37,1,105,All Democratic,D
MA,21,2004,0.8789021968841553,-0.58946990966796875,-0.6402590274810791,NA,-0.6855834126472473,-0.6899250149726868,NA,-0.6899250149726868,0.8789021968841553,1,0,1,1.5688271522521973,NA,NA,NA,NA,NA,NA,-0.6402590274810791,0.8789021968841553,1,0,1,1.5191612243652344,NA,NA,NA,NA,NA,NA,-0.6683884263038635,-0.5669689774513245,-0.6683884263038635,0.8789021968841553,1,0,1,0.6683884263038635,-0.5767949819564819,-0.6740384101867676,-0.6740384101867676,0.8789021968841553,1,0,1,1.5529406070709229,-0.4687418043613434,-0.986300528049469,-0.986300528049469,0.8789021968841553,1,0,1,1.8652026653289795,-0.5812109708786011,-0.5930476784706116,-0.5930476784706116,0.8789021968841553,1,0,1,1.4719499349594116,Mixed,-0.6899250149726868,0.8789021968841553,0.5,Romney Mitt,0,0.85,34,6,0,40,136,23,1,160,Divided,D
MD,20,2004,0.6224920749664307,-0.2464876025915146,-0.18892060220241547,NA,-0.45748668909072876,-0.4497917890548706,NA,-0.45748668909072876,0.6224920749664307,1,0,1,1.0799788236618042,NA,NA,NA,NA,NA,NA,-0.2464876025915146,0.6224920749664307,1,0,1,0.8689796924591064,NA,NA,NA,NA,NA,NA,-0.7303416728973389,-0.46399858593940735,-0.7303416728973389,0.6224920749664307,1,0,1,0.7303416728973389,-0.5471584796905518,-0.5699043273925781,-0.5699043273925781,0.6224920749664307,1,0,1,1.1923964023590088,-0.6823586225509644,-0.57607269287109375,-0.6823586225509644,0.6224920749664307,1,0,1,1.304850697517395,-0.5946187973022461,-0.5199968218803406,-0.5946187973022461,0.6224920749664307,1,0,1,1.2171108722686768,Mixed,-0.45748668909072876,0.6224920749664307,0.5,Ehrlich Robert L. Jr.,0,0.7021276,33,14,0,47,98,43,0,141,Divided,D
ME,19,2004,-0.9951561093330383,-0.4166904091835022,-0.3311842083930969,NA,-0.7920467853546143,-0.5893558859825134,NA,-0.9951561093330383,-0.5893558859825134,0,0,1,0.4058001935482025,NA,NA,NA,NA,NA,NA,-0.9951561093330383,-0.3311842083930969,0,0,1,0.6639719009399414,NA,NA,NA,NA,NA,NA,-1.3043760061264038,-0.9603018164634705,-1.3043760061264038,-0.9603018164634705,0,0,0,1.3043760061264038,-1.5463119745254517,-1.0595289468765259,-1.5463119745254517,-0.9951561093330383,0,0,1,0.5511559247970581,-1.1333160400390625,-1.5532820224761963,-1.5532820224761963,-0.9951561093330383,0,0,1,0.558125913143158,-1.1353060007095337,-0.7995510101318359,-1.1353060007095337,-0.7995510101318359,0,0,0,0.33575499057769775,All Liberal,-0.9951561093330383,-0.5893558859825134,1,Baldacci John,1,0.5142857,18,17,0,35,80,67,4,151,All Democratic,D
MI,22,2004,-0.7211772203445435,0.25515249371528625,0.2724755108356476,0.5634284019470215,0.5321980118751526,0.4646790027618408,0.8454164862632751,-0.7211772203445435,0.5321980118751526,1,0,1,1.2533751726150513,-0.7211772203445435,0.8454164862632751,1,0,1,1.5665936470031738,-0.7211772203445435,0.2724755108356476,1,0,1,0.9936527013778687,-0.7211772203445435,0.5634284019470215,1,0,1,1.284605622291565,0.8380743265151978,0.652758002281189,-0.7211772203445435,0.8380743265151978,1,0,1,0.7211772203445435,0.6202173233032227,0.6465417742729187,-0.7211772203445435,0.6465417742729187,1,0,1,1.367719054222107,1.0525330305099487,1.0360740423202515,-0.7211772203445435,1.0525330305099487,1,0,1,1.7737102508544922,0.7384750843048096,0.7282701134681702,-0.7211772203445435,0.7384750843048096,1,0,1,1.459652304649353,Mixed,-0.7211772203445435,0.5321980118751526,0.5,Granholm Jennifer,1,0.4210526,16,22,0,38,47,63,0,110,Divided,R
MN,23,2004,0.9717094898223877,0.06138550117611885,-0.0719040036201477,-0.46265649795532227,0.3556657135486603,-0.2197456955909729,-0.505763590335846,-0.2197456955909729,0.9717094898223877,1,0,1,1.1914552450180054,-0.505763590335846,0.9717094898223877,1,0,1,1.4774731397628784,-0.0719040036201477,0.9717094898223877,2,0,1,1.0436135530471802,-0.46265649795532227,0.9717094898223877,1,0,1,1.43436598777771,-0.9178445935249329,0.5133649110794067,-0.9178445935249329,0.9717094898223877,1,0,1,0.9178445935249329,-1.0982749462127686,0.2828654944896698,-1.0982749462127686,0.9717094898223877,1,0,1,2.0699844360351562,-0.9516807794570923,0.5911012887954712,-0.9516807794570923,0.9717094898223877,1,0,1,1.92339026927948,-0.8374193906784058,0.6275591254234314,-0.8374193906784058,0.9717094898223877,1,0,1,1.8091288805007935,Mixed,-0.2197456955909729,0.9717094898223877,0.5,Pawlenty Tim,0,0.530303,35,31,1,67,53,81,0,134,Divided,S
MO,25,2004,-0.7970070242881775,0.20492540299892426,0.2484946995973587,NA,0.5405486226081848,0.6017919778823853,NA,-0.7970070242881775,0.6017919778823853,1,0,1,1.398798942565918,NA,NA,NA,NA,NA,NA,-0.7970070242881775,0.2484946995973587,1,0,1,1.045501708984375,NA,NA,NA,NA,NA,NA,0.8382276296615601,0.9682220816612244,-0.7970070242881775,0.9682220816612244,1,0,1,0.7970070242881775,0.612765371799469,0.8487246036529541,-0.7970070242881775,0.8487246036529541,1,0,1,1.6457315683364868,0.9489753842353821,0.8307151198387146,-0.7970070242881775,0.9489753842353821,1,0,1,1.7459824085235596,0.4690636098384857,0.8488901853561401,-0.7970070242881775,0.8488901853561401,1,0,1,1.6458971500396729,Mixed,-0.7970070242881775,0.6017919778823853,0,Holden Bob,1,0.3235294,14,20,0,34,73,90,0,163,All Republican,R
MS,24,2004,1.1030299663543701,0.6423841714859009,0.7608708739280701,0.5008978843688965,0.7404952049255371,0.9762905836105347,0.7591415047645569,0.7404952049255371,1.1030299663543701,0,1,1,0.3625347912311554,0.7404952049255371,1.1030299663543701,0,1,1,0.3625347912311554,0.6423841714859009,1.1030299663543701,0,1,1,0.46064579486846924,0.5008978843688965,1.1030299663543701,0,1,1,0.6021320819854736,NA,0.7030048966407776,NA,NA,NA,NA,NA,NA,0.8017091155052185,0.8493388295173645,0.8017091155052185,1.1030299663543701,0,1,1,0.3013209104537964,0.7668545842170715,0.7740936875343323,0.7668545842170715,1.1030299663543701,0,1,1,0.33617541193962097,0.8378301858901978,0.7244619727134705,0.7244619727134705,1.1030299663543701,0,1,1,0.37856799364089966,All Conservative,0.7404952049255371,1.1030299663543701,0.5,Barbour Haley,0,0.5769231,30,22,0,52,80,42,0,122,Divided,D
MT,26,2004,0.9477043747901917,-0.08843889832496643,0.17512750625610352,-0.8831096291542053,0.32192540168762207,0.583391010761261,-1.0913430452346802,0.32192540168762207,0.9477043747901917,0,1,1,0.6257789731025696,-1.0913430452346802,0.9477043747901917,1,0,1,2.0390474796295166,-0.08843889832496643,0.9477043747901917,1,0,1,1.0361433029174805,-0.8831096291542053,0.9477043747901917,1,0,1,1.830814003944397,0.8625156879425049,0.9460790157318115,0.8625156879425049,0.9477043747901917,0,1,1,0.8625156879425049,1.5720230340957642,-0.014893700368702412,-0.014893700368702412,1.5720230340957642,1,0,0,1.5869166851043701,1.0861990451812744,1.0897489786148071,0.9477043747901917,1.0897489786148071,0,1,1,0.14204460382461548,1.3707590103149414,0.9565331935882568,0.9477043747901917,1.3707590103149414,0,1,1,0.42305460572242737,All Conservative,0.32192540168762207,0.9477043747901917,0.5,Martz Judy,0,0.54,21,29,0,50,47,53,0,100,Divided,R
NC,33,2004,-0.38788020610809326,0.15900489687919617,0.13992300629615784,0.2584412097930908,0.18410669267177582,-0.006833100225776434,0.32457929849624634,-0.38788020610809326,0.18410669267177582,1,0,1,0.5719869136810303,-0.38788020610809326,0.32457929849624634,1,0,1,0.7124595046043396,-0.38788020610809326,0.15900489687919617,1,0,1,0.546885073184967,-0.38788020610809326,0.2584412097930908,1,0,1,0.6463214159011841,-0.22191479802131653,-0.1030891016125679,-0.38788020610809326,-0.1030891016125679,0,0,1,0.38788020610809326,0.008335700258612633,-0.008097900077700615,-0.38788020610809326,0.008335700258612633,1,0,1,0.39621588587760925,-0.06702270358800888,0.26908519864082336,-0.38788020610809326,0.26908519864082336,1,0,1,0.6569653749465942,-0.36282628774642944,0.784051775932312,-0.38788020610809326,0.784051775932312,1,0,1,1.1719319820404053,Mixed,-0.38788020610809326,0.18410669267177582,1,Easley Michael F.,1,0.58,28,22,0,50,61,59,0,120,All Democratic,D
ND,34,2004,1.2795170545578003,1.0146609544754028,0.9194291234016418,0.8213791251182556,1.2564339637756348,1.2238949537277222,1.140051007270813,1.2238949537277222,1.2795170545578003,0,1,1,0.055622000247240067,1.140051007270813,1.2795170545578003,0,1,1,0.13946600258350372,0.9194291234016418,1.2795170545578003,0,1,1,0.36008790135383606,0.8213791251182556,1.2795170545578003,0,1,1,0.4581378996372223,0.9743890762329102,1.3752330541610718,0.9743890762329102,1.3752330541610718,0,1,0,0.9743890762329102,1.2655179500579834,1.4148889780044556,1.2655179500579834,1.4148889780044556,0,1,0,0.14937099814414978,1.0929659605026245,1.4327119588851929,1.0929659605026245,1.4327119588851929,0,1,0,0.33974599838256836,1.2947050333023071,1.3420679569244385,1.2795170545578003,1.3420679569244385,0,1,1,0.06255099922418594,All Conservative,1.2238949537277222,1.2795170545578003,0,Hoeven John,0,0.3191489,16,31,0,47,28,66,0,94,All Republican,R
NE,27,2004,0.9032859206199646,NA,0.4868873953819275,NA,NA,0.5701971054077148,NA,0.5701971054077148,0.9032859206199646,0,1,1,0.33308878540992737,NA,NA,NA,NA,NA,NA,0.4868873953819275,0.9032859206199646,0,1,1,0.4163984954357147,NA,NA,NA,NA,NA,NA,0.23721550405025482,NA,0.23721550405025482,0.9032859206199646,0,1,1,0.23721550405025482,0.6744995713233948,NA,0.6744995713233948,0.9032859206199646,0,1,1,0.22878630459308624,0.21249069273471832,NA,0.21249069273471832,0.9032859206199646,0,1,1,0.6907951831817627,0.8907747864723206,NA,0.8907747864723206,0.9032859206199646,0,1,1,0.012511099688708782,All Conservative,0.5701971054077148,0.9032859206199646,NA,Johanns Mike,0,NA,NA,NA,NA,49,NA,NA,NA,NA,NA,NA
NH,29,2004,0.6127701997756958,NA,0.11792179942131042,NA,NA,0.4188272953033447,NA,NA,NA,NA,NA,NA,NA,NA,NA,NA,NA,NA,NA,NA,NA,NA,NA,NA,NA,NA,NA,NA,NA,NA,NA,NA,0.5308972001075745,NA,NA,NA,NA,NA,NA,0.5961002111434937,0.9777923226356506,0.5961002111434937,0.9777923226356506,0,1,0,0.381692111492157,0.6718711853027344,1.2618340253829956,0.6127701997756958,1.2618340253829956,0,1,1,0.6490638256072998,0.824251115322113,0.9556511044502258,0.6127701997756958,0.9556511044502258,0,1,1,0.34288090467453003,All Conservative,0.4188272953033447,0.6127701997756958,0.5,Benson- Craig,0,0.3333333,6,18,0,24,119,281,0,400,Divided,R
NJ,30,2004,-0.5738011002540588,-0.17790409922599792,-0.12988969683647156,NA,-0.3720870018005371,-0.06016780063509941,NA,-0.5738011002540588,-0.06016780063509941,0,0,1,0.5136333107948303,NA,NA,NA,NA,NA,NA,-0.5738011002540588,-0.12988969683647156,0,0,1,0.4439114034175873,NA,NA,NA,NA,NA,NA,-0.09073810279369354,-0.5327969193458557,-0.5738011002540588,-0.09073810279369354,0,0,1,0.5738011002540588,-0.11205759644508362,-0.629370391368866,-0.629370391368866,-0.11205759644508362,0,0,0,0.5173128247261047,-0.24032080173492432,-0.3927837014198303,-0.5738011002540588,-0.24032080173492432,0,0,1,0.3334802985191345,-0.16934369504451752,-0.4094710052013397,-0.5738011002540588,-0.16934369504451752,0,0,1,0.4044573903083801,All Liberal,-0.5738011002540588,-0.06016780063509941,1,McGreevey then Richard J. Codey-D,1,0.55,22,18,0,40,47,33,0,80,All Democratic,D
NM,31,2004,-0.8499022722244263,-0.3586288094520569,-0.30415669083595276,NA,-0.602854311466217,-0.6226859092712402,NA,-0.8499022722244263,-0.602854311466217,0,0,1,0.2470480054616928,NA,NA,NA,NA,NA,NA,-0.8499022722244263,-0.30415669083595276,0,0,1,0.5457456111907959,NA,NA,NA,NA,NA,NA,-0.7105178236961365,-0.9964879155158997,-0.9964879155158997,-0.7105178236961365,0,0,0,0.9964879155158997,-1.1755809783935547,-1.0978389978408813,-1.1755809783935547,-0.8499022722244263,0,0,1,0.3256787061691284,-0.8174951076507568,-0.8339539170265198,-0.8499022722244263,-0.8174951076507568,0,0,1,0.03240720182657242,-0.777492105960846,-0.5667337775230408,-0.8499022722244263,-0.5667337775230408,0,0,1,0.2831684947013855,All Liberal,-0.8499022722244263,-0.602854311466217,1,Richardson Bill,1,0.5714286,24,18,0,42,43,27,0,70,All Democratic,D
NV,28,2004,0.274294912815094,-0.019678300246596336,0.0032204999588429928,NA,-0.18816770613193512,0.10469859838485718,NA,-0.18816770613193512,0.274294912815094,1,0,1,0.4624626040458679,NA,NA,NA,NA,NA,NA,-0.019678300246596336,0.274294912815094,1,0,1,0.2939732074737549,NA,NA,NA,NA,NA,NA,0.10378109663724899,-0.15410129725933075,-0.15410129725933075,0.274294912815094,1,0,1,0.15410129725933075,0.17413340508937836,-0.3072277903556824,-0.3072277903556824,0.274294912815094,1,0,1,0.5815227031707764,0.17413340508937836,-0.1899472028017044,-0.1899472028017044,0.274294912815094,1,0,1,0.4642421007156372,-0.023521099239587784,-0.19768260419368744,-0.19768260419368744,0.274294912815094,1,0,1,0.47197750210762024,Mixed,-0.18816770613193512,0.274294912815094,0.5,Guinn Kenny,0,0.4285714,8,13,0,21,23,19,0,42,Divided,S
NY,32,2004,0.2087325006723404,-0.24189169704914093,-0.16728639602661133,NA,-0.3324725031852722,-0.05697439983487129,NA,-0.3324725031852722,0.2087325006723404,1,0,1,0.5412049889564514,NA,NA,NA,NA,NA,NA,-0.24189169704914093,0.2087325006723404,1,0,1,0.4506241977214813,NA,NA,NA,NA,NA,NA,0.07086340337991714,-0.29227280616760254,-0.29227280616760254,0.2087325006723404,1,0,1,0.29227280616760254,-0.06719540059566498,-0.46355000138282776,-0.46355000138282776,0.2087325006723404,1,0,1,0.6722825169563293,-0.13725720345973969,-0.34734249114990234,-0.34734249114990234,0.2087325006723404,1,0,1,0.5560749769210815,0.19027340412139893,-0.1567181944847107,-0.1567181944847107,0.2087325006723404,1,0,1,0.3654507100582123,Mixed,-0.3324725031852722,0.2087325006723404,0.5,Pataki George E.,0,0.4516129,25,37,0,62,103,47,0,150,Divided,S
OH,35,2004,0.767332911491394,0.28953710198402405,0.3335742950439453,0.2780449092388153,0.687147319316864,0.6541299819946289,0.7055414915084839,0.6541299819946289,0.767332911491394,0,1,1,0.11320289969444275,0.6541299819946289,0.767332911491394,0,1,1,0.11320289969444275,0.28953710198402405,0.767332911491394,0,1,1,0.47779580950737,0.2780449092388153,0.767332911491394,0,1,1,0.48928800225257874,0.6317722797393799,0.6462855935096741,0.6317722797393799,0.767332911491394,0,1,1,0.6317722797393799,0.8664190173149109,0.7021061182022095,0.7021061182022095,0.8664190173149109,0,1,0,0.16431289911270142,0.8207600712776184,0.9120609164237976,0.767332911491394,0.9120609164237976,0,1,1,0.14472800493240356,0.6779236793518066,NA,NA,NA,NA,NA,NA,NA,All Conservative,0.6541299819946289,0.767332911491394,0,Taft Bob,0,0.3333333,11,22,0,33,37,62,0,99,All Republican,R
OK,36,2004,0.17286190390586853,0.4971250891685486,0.47107088565826416,NA,0.4156624972820282,0.3954083025455475,NA,0.17286190390586853,0.4156624972820282,0,1,1,0.24280059337615967,NA,NA,NA,NA,NA,NA,0.17286190390586853,0.4971250891685486,0,1,1,0.32426318526268005,NA,NA,NA,NA,NA,NA,0.39320439100265503,0.22134029865264893,0.17286190390586853,0.39320439100265503,0,1,1,0.17286190390586853,0.16831229627132416,0.31453460454940796,0.16831229627132416,0.31453460454940796,0,1,0,0.1462222933769226,-0.024149799719452858,0.24697190523147583,-0.024149799719452858,0.24697190523147583,1,0,0,0.27112171053886414,0.16124150156974792,0.42181891202926636,0.16124150156974792,0.42181891202926636,0,1,0,0.26057741045951843,All Conservative,0.17286190390586853,0.4156624972820282,0.5,Henry Brad,1,0.5416667,28,20,0,48,53,48,0,101,Divided,D
OR,37,2004,-0.8176162838935852,-0.24856780469417572,-0.23310939967632294,NA,-0.09036079794168472,-0.24594740569591522,NA,-0.8176162838935852,-0.09036079794168472,0,0,1,0.7272555232048035,NA,NA,NA,NA,NA,NA,-0.8176162838935852,-0.23310939967632294,0,0,1,0.5845069289207458,NA,NA,NA,NA,NA,NA,0.3357487916946411,-0.02788430079817772,-0.8176162838935852,0.3357487916946411,1,0,1,0.8176162838935852,-0.5046039819717407,0.09100429713726044,-0.8176162838935852,0.09100429713726044,1,0,1,0.9086205959320068,0.5625221133232117,0.007176400162279606,-0.8176162838935852,0.5625221133232117,1,0,1,1.3801383972167969,-0.461127907037735,0.13923609256744385,-0.8176162838935852,0.13923609256744385,1,0,1,0.956852376461029,All Liberal,-0.8176162838935852,-0.09036079794168472,0.5,Kulongoski Ted,1,0.6,15,15,0,30,25,35,0,60,Divided,S
PA,38,2004,-0.40512681007385254,0.19234630465507507,0.17359070479869843,0.06731200218200684,0.2954002916812897,0.3323529064655304,0.14269380271434784,-0.40512681007385254,0.3323529064655304,1,0,1,0.7374796867370605,-0.40512681007385254,0.3323529064655304,1,0,1,0.7374796867370605,-0.40512681007385254,0.19234630465507507,1,0,1,0.5974730849266052,-0.40512681007385254,0.19234630465507507,1,0,1,0.5974730849266052,0.2919464111328125,0.15940140187740326,-0.40512681007385254,0.2919464111328125,1,0,1,0.40512681007385254,0.6705666780471802,0.09927699714899063,-0.40512681007385254,0.6705666780471802,1,0,1,1.0756934881210327,0.3912369906902313,0.30067700147628784,-0.40512681007385254,0.3912369906902313,1,0,1,0.7963637709617615,0.4211356043815613,0.4171122908592224,-0.40512681007385254,0.4211356043815613,1,0,1,0.8262624144554138,Mixed,-0.40512681007385254,0.3323529064655304,0.5,Rendell Edward G.,1,0.3829787,21,29,0,50,94,108,0,203,Divided,R
RI,39,2004,-0.27341631054878235,-0.6577689051628113,-0.660306990146637,NA,-0.8112087249755859,-0.7795509099960327,NA,-0.8112087249755859,-0.27341631054878235,0,0,1,0.5377923846244812,NA,NA,NA,NA,NA,NA,-0.660306990146637,-0.27341631054878235,0,0,1,0.386890709400177,NA,NA,NA,NA,NA,NA,-0.7777084708213806,-0.773853600025177,-0.7777084708213806,-0.27341631054878235,0,0,1,0.7777084708213806,-0.9940909743309021,-0.8609477877616882,-0.9940909743309021,-0.27341631054878235,0,0,1,0.7206746935844421,-0.683944582939148,-0.8803542256355286,-0.8803542256355286,-0.27341631054878235,0,0,1,0.6069378852844238,-0.7163441777229309,-0.7056223750114441,-0.7163441777229309,-0.27341631054878235,0,0,1,0.44292789697647095,All Liberal,-0.8112087249755859,-0.27341631054878235,0.5,Carcieri Don,0,0.8684211,32,6,0,38,63,11,1,75,Divided,D
SC,40,2004,0.9632118940353394,0.5946987271308899,0.5460324883460999,NA,0.7112413048744202,0.6146590709686279,NA,0.6146590709686279,0.9632118940353394,0,1,1,0.34855279326438904,NA,NA,NA,NA,NA,NA,0.5460324883460999,0.9632118940353394,0,1,1,0.4171794056892395,NA,NA,NA,NA,NA,NA,0.7647687792778015,0.84619140625,0.7647687792778015,0.9632118940353394,0,1,1,0.7647687792778015,0.8863211870193481,0.30423539876937866,0.30423539876937866,0.9632118940353394,0,1,1,0.6589764952659607,0.4959934949874878,0.7684453129768372,0.4959934949874878,0.9632118940353394,0,1,1,0.46721839904785156,0.8847993016242981,0.727814793586731,0.727814793586731,0.9632118940353394,0,1,1,0.2353971004486084,All Conservative,0.6146590709686279,0.9632118940353394,0,Sanford Mark,0,0.4347826,20,25,0,46,51,73,0,124,All Republican,R
SD,41,2004,1.3297679424285889,0.7660322189331055,0.760006308555603,NA,1.0043749809265137,0.9424070119857788,NA,0.9424070119857788,1.3297679424285889,0,1,1,0.38736099004745483,NA,NA,NA,NA,NA,NA,0.760006308555603,1.3297679424285889,0,1,1,0.5697616934776306,NA,NA,NA,NA,NA,NA,0.9424070119857788,1.319674015045166,0.9424070119857788,1.3297679424285889,0,1,1,0.9424070119857788,1.1991209983825684,0.9203311800956726,0.9203311800956726,1.3297679424285889,0,1,1,0.40943679213523865,1.1834629774093628,1.369570016860962,1.1834629774093628,1.369570016860962,0,1,0,0.18610699474811554,1.0274360179901123,1.2292200326919556,1.0274360179901123,1.3297679424285889,0,1,1,0.3023320138454437,All Conservative,0.9424070119857788,1.3297679424285889,0,Rounds Mike,0,0.2857143,9,26,0,35,21,49,0,70,All Republican,R
TN,42,2004,0.10464949905872345,0.4575378894805908,0.4397243857383728,NA,0.34073078632354736,0.32701730728149414,NA,0.10464949905872345,0.34073078632354736,0,1,1,0.2360813021659851,NA,NA,NA,NA,NA,NA,0.10464949905872345,0.4575378894805908,0,1,1,0.35288840532302856,NA,NA,NA,NA,NA,NA,0.2787719964981079,0.2909140884876251,0.10464949905872345,0.2909140884876251,0,1,1,0.10464949905872345,0.28147199749946594,0.38871580362319946,0.10464949905872345,0.38871580362319946,0,1,1,0.2840662896633148,0.6393991112709045,0.04489139840006828,0.04489139840006828,0.6393991112709045,0,1,0,0.5945076942443848,0.4391691982746124,0.11132720112800598,0.10464949905872345,0.4391691982746124,0,1,1,0.33451971411705017,All Conservative,0.10464949905872345,0.34073078632354736,0.5,Bredesen Phil,1,0.4848485,18,15,0,33,54,45,0,99,Divided,D
TX,43,2004,1.076856017112732,0.7328147292137146,0.768276572227478,NA,0.885773777961731,0.8565989136695862,NA,0.8565989136695862,1.076856017112732,0,1,1,0.22025710344314575,NA,NA,NA,NA,NA,NA,0.7328147292137146,1.076856017112732,0,1,1,0.34404128789901733,NA,NA,NA,NA,NA,NA,NA,0.9652209877967834,NA,NA,NA,NA,NA,NA,0.9399691224098206,0.5442802906036377,0.5442802906036377,1.076856017112732,0,1,1,0.5325757265090942,0.9832878112792969,1.0055409669876099,0.9832878112792969,1.076856017112732,0,1,1,0.09356819838285446,0.971930980682373,0.8444051742553711,0.8444051742553711,1.076856017112732,0,1,1,0.23245079815387726,All Conservative,0.8565989136695862,1.076856017112732,0,Perry Rick,0,0.3870968,12,19,0,31,62,88,0,150,All Republican,R
UT,44,2004,0.8694573044776917,0.677308976650238,0.7439597249031067,NA,0.8922271728515625,0.8914206027984619,NA,0.8694573044776917,0.8922271728515625,0,1,1,0.022769900038838387,NA,NA,NA,NA,NA,NA,0.677308976650238,0.8694573044776917,0,1,1,0.19214829802513123,NA,NA,NA,NA,NA,NA,0.831165611743927,0.9191985726356506,0.831165611743927,0.9191985726356506,0,1,0,0.831165611743927,0.9421126842498779,0.9499514102935791,0.8694573044776917,0.9499514102935791,0,1,1,0.08049409836530685,1.0448980331420898,1.134524941444397,0.8694573044776917,1.134524941444397,0,1,1,0.2650676965713501,0.6801095008850098,0.8450776934623718,0.6801095008850098,0.8694573044776917,0,1,1,0.18934780359268188,All Conservative,0.8694573044776917,0.8922271728515625,0,Walker Olene S.,0,0.2758621,7,22,0,29,19,56,0,75,All Republican,R
VA,46,2004,-0.7290542125701904,0.2595461905002594,0.04863030090928078,NA,0.43866240978240967,0.27033260464668274,NA,-0.7290542125701904,0.43866240978240967,1,0,1,1.1677166223526,NA,NA,NA,NA,NA,NA,-0.7290542125701904,0.2595461905002594,1,0,1,0.9886003732681274,NA,NA,NA,NA,NA,NA,0.4108203947544098,0.4243825078010559,-0.7290542125701904,0.4243825078010559,1,0,1,0.7290542125701904,0.3817630112171173,0.3621787130832672,-0.7290542125701904,0.3817630112171173,1,0,1,1.1108171939849854,0.3817630112171173,0.35851210355758667,-0.7290542125701904,0.3817630112171173,1,0,1,1.1108171939849854,0.39628928899765015,0.3532811105251312,-0.7290542125701904,0.39628928899765015,1,0,1,1.1253434419631958,Mixed,-0.7290542125701904,0.43866240978240967,0.5,Warner Mark,1,0.4,16,24,0,40,37,61,2,100,Divided,R
VT,45,2004,0.8886966705322266,0.05432270094752312,-0.4183250963687897,NA,0.5743727087974548,-1.0202480554580688,NA,-1.0202480554580688,0.8886966705322266,1,0,1,1.9089447259902954,NA,NA,NA,NA,NA,NA,-0.4183250963687897,0.8886966705322266,1,0,1,1.3070218563079834,NA,NA,NA,NA,NA,NA,-0.5849292278289795,0.8577476143836975,-0.5849292278289795,0.8886966705322266,1,0,1,0.5849292278289795,-1.0314769744873047,0.5010067820549011,-1.0314769744873047,0.8886966705322266,1,0,1,1.9201736450195312,-1.122959017753601,1.187180995941162,-1.122959017753601,1.187180995941162,1,0,0,2.3101398944854736,-0.7618358731269836,0.7403556108474731,-0.7618358731269836,0.8886966705322266,1,0,1,1.650532603263855,Mixed,-1.0202480554580688,0.8886966705322266,0.5,Douglas Jim,0,0.7,19,11,0,30,69,74,7,150,Divided,S
WA,47,2004,-0.8171212077140808,-0.20836080610752106,-0.03787820041179657,-0.9176604151725769,-0.4396463930606842,0.1535768061876297,-1.0451109409332275,-0.8171212077140808,0.1535768061876297,1,0,1,0.9706979990005493,-1.0451109409332275,0.1535768061876297,1,0,0,1.1986877918243408,-0.8171212077140808,-0.03787820041179657,0,0,1,0.779242992401123,-0.9176604151725769,-0.03787820041179657,0,0,0,0.8797821998596191,0.4998953938484192,-0.6299623847007751,-0.8171212077140808,0.4998953938484192,1,0,1,0.8171212077140808,0.16620010137557983,-0.6785356998443604,-0.8171212077140808,0.16620010137557983,1,0,1,0.9833213090896606,0.6386619806289673,-0.5759766101837158,-0.8171212077140808,0.6386619806289673,1,0,1,1.4557832479476929,0.49350228905677795,-0.8960496187210083,-0.8960496187210083,0.49350228905677795,1,0,0,1.3895518779754639,Mixed,-0.8171212077140808,0.1535768061876297,1,Locke Gary,1,0.5306122,24,25,0,49,52,46,0,98,All Democratic,S
WI,49,2004,-0.7380316853523254,0.22787949442863464,0.230081707239151,0.10706879943609238,0.7265716195106506,0.7457754015922546,0.573217511177063,-0.7380316853523254,0.7457754015922546,1,0,1,1.48380708694458,-0.7380316853523254,0.7457754015922546,1,0,1,1.48380708694458,-0.7380316853523254,0.230081707239151,1,0,1,0.9681134223937988,-0.7380316853523254,0.230081707239151,1,0,1,0.9681134223937988,0.7457754015922546,1.1509339809417725,-0.7380316853523254,1.1509339809417725,1,0,1,0.7380316853523254,0.7158247828483582,0.8072015047073364,-0.7380316853523254,0.8072015047073364,1,0,1,1.5452332496643066,0.9932376146316528,0.8882502913475037,-0.7380316853523254,0.9932376146316528,1,0,1,1.731269359588623,1.098168969154358,0.9272685050964355,-0.7380316853523254,1.098168969154358,1,0,1,1.8362007141113281,Mixed,-0.7380316853523254,0.7457754015922546,0.5,Doyle Jim,1,0.4242424,15,18,0,33,40,59,0,99,Divided,R
WV,48,2004,-0.3926321864128113,-0.14448800683021545,-0.08121869713068008,NA,-0.14914719760417938,-0.11726479977369308,NA,-0.3926321864128113,-0.11726479977369308,0,0,1,0.27536740899086,NA,NA,NA,NA,NA,NA,-0.3926321864128113,-0.08121869713068008,0,0,1,0.3114134967327118,NA,NA,NA,NA,NA,NA,-0.31391191482543945,-0.07565920054912567,-0.3926321864128113,-0.07565920054912567,0,0,1,0.3926321864128113,-0.06930399686098099,-0.48046979308128357,-0.48046979308128357,-0.06930399686098099,0,0,0,0.4111658036708832,-0.18421350419521332,-0.07789400219917297,-0.3926321864128113,-0.07789400219917297,0,0,1,0.3147382140159607,-0.10248339921236038,-0.07494109869003296,-0.3926321864128113,-0.07494109869003296,0,0,1,0.3176910877227783,All Liberal,-0.3926321864128113,-0.11726479977369308,1,Wise Bob,1,0.6176471,24,10,0,34,68,32,0,100,All Democratic,D
WY,50,2004,-0.2559069097042084,0.6434841156005859,0.623937726020813,NA,0.9594107866287231,0.9293922185897827,NA,-0.2559069097042084,0.9594107866287231,1,0,1,1.215317726135254,NA,NA,NA,NA,NA,NA,-0.2559069097042084,0.6434841156005859,1,0,1,0.8993909955024719,NA,NA,NA,NA,NA,NA,1.0400300025939941,1.176084041595459,-0.2559069097042084,1.176084041595459,1,0,1,0.2559069097042084,0.9266741871833801,0.9538094997406006,-0.2559069097042084,0.9538094997406006,1,0,1,1.2097164392471313,0.9952023029327393,0.6350662112236023,-0.2559069097042084,0.9952023029327393,1,0,1,1.25110924243927,1.3202749490737915,0.3411796987056732,-0.2559069097042084,1.3202749490737915,1,0,1,1.5761818885803223,Mixed,-0.2559069097042084,0.9594107866287231,0.5,Freudenthal Dave,1,0.2333333,10,20,0,30,15,45,0,60,Divided,R
AK,2,2008,1.1889879703521729,-0.1347430944442749,-0.09747549891471863,NA,0.16517509520053864,0.18986999988555908,NA,0.16517509520053864,1.1889879703521729,0,1,1,1.0238128900527954,NA,NA,NA,NA,NA,NA,-0.1347430944442749,1.1889879703521729,1,0,1,1.3237310647964478,NA,NA,NA,NA,NA,NA,0.3023034930229187,0.15103769302368164,0.15103769302368164,1.1889879703521729,0,1,1,0.15103769302368164,-0.8829277753829956,0.39910799264907837,-0.8829277753829956,1.1889879703521729,1,0,1,2.071915864944458,-0.8829277753829956,0.39910799264907837,-0.8829277753829956,1.1889879703521729,1,0,1,2.071915864944458,-0.509905219078064,0.3981386125087738,-0.509905219078064,1.1889879703521729,1,0,1,1.6988931894302368,All Conservative,0.16517509520053864,1.1889879703521729,0.5,Palin Sarah H.,0,0.5,9,11,0,20,17,23,0,40,Divided,R
AL,1,2008,0.8927860856056213,0.4172576069831848,0.40779611468315125,0.7025598287582397,0.3686535060405731,0.36097440123558044,0.7261205911636353,0.36097440123558044,0.8927860856056213,0,1,1,0.5318117141723633,0.36097440123558044,0.8927860856056213,0,1,1,0.5318117141723633,0.40779611468315125,0.8927860856056213,0,1,1,0.4849900007247925,0.40779611468315125,0.8927860856056213,0,1,1,0.4849900007247925,0.2875142991542816,0.4301356077194214,0.2875142991542816,0.8927860856056213,0,1,1,0.2875142991542816,0.2796854078769684,0.3249463140964508,0.2796854078769684,0.8927860856056213,0,1,1,0.6131007075309753,-0.07682350277900696,0.2568266987800598,-0.07682350277900696,0.8927860856056213,1,0,1,0.9696096181869507,0.21905319392681122,NA,NA,NA,NA,NA,NA,NA,All Conservative,0.36097440123558044,0.8927860856056213,0.5,Riley Bob,0,0.6571429,22,13,0,35,62,43,0,105,Divided,D
AR,4,2008,-0.42982980608940125,-0.06273140013217926,-0.008283999748528004,-0.4664134085178375,-0.1520179957151413,-0.08895870298147202,-0.47203341126441956,-0.42982980608940125,-0.08895870298147202,0,0,1,0.34087109565734863,-0.47203341126441956,-0.08895870298147202,0,0,0,0.38307470083236694,-0.42982980608940125,-0.008283999748528004,0,0,1,0.4215458035469055,-0.4664134085178375,-0.008283999748528004,0,0,0,0.4581294059753418,-0.20701240003108978,-0.04948990046977997,-0.42982980608940125,-0.04948990046977997,0,0,1,0.42982980608940125,-0.08895870298147202,-0.03899509832262993,-0.42982980608940125,-0.03899509832262993,0,0,1,0.3908346891403198,-0.4404909908771515,0.3236694931983948,-0.4404909908771515,0.3236694931983948,1,0,0,0.7641605138778687,-0.16812029480934143,-0.40106919407844543,-0.42982980608940125,-0.16812029480934143,0,0,1,0.2617095112800598,All Liberal,-0.42982980608940125,-0.08895870298147202,1,Beebe Mike,1,0.7714286,27,8,0,35,75,25,0,100,All Democratic,D
AZ,3,2008,-0.6952145099639893,0.1160907968878746,0.2031760960817337,NA,0.4657715857028961,0.36984360218048096,NA,-0.6952145099639893,0.4657715857028961,1,0,1,1.160986065864563,NA,NA,NA,NA,NA,NA,-0.6952145099639893,0.2031760960817337,1,0,1,0.8983905911445618,NA,NA,NA,NA,NA,NA,0.5100660920143127,0.6070265173912048,-0.6952145099639893,0.6070265173912048,1,0,1,0.6952145099639893,0.2403717041015625,0.5765644907951355,-0.6952145099639893,0.5765644907951355,1,0,1,1.27177894115448,0.4141275882720947,0.7072417736053467,-0.6952145099639893,0.7072417736053467,1,0,1,1.402456283569336,1.369892954826355,0.5527396202087402,-0.6952145099639893,1.369892954826355,1,0,1,2.065107583999634,Mixed,-0.6952145099639893,0.4657715857028961,0,Napolitano Janet,1,0.4,13,17,0,30,27,33,0,60,All Republican,R
CA,5,2008,0.5623617768287659,-0.32666799426078796,-0.2927398979663849,NA,-0.6464611887931824,-0.5799459218978882,NA,-0.6464611887931824,0.5623617768287659,1,0,1,1.2088229656219482,NA,NA,NA,NA,NA,NA,-0.32666799426078796,0.5623617768287659,1,0,1,0.8890298008918762,NA,NA,NA,NA,NA,NA,-0.7004557847976685,-0.6635096073150635,-0.7004557847976685,0.5623617768287659,1,0,1,0.7004557847976685,-1.1573289632797241,-0.7710134983062744,-1.1573289632797241,0.5623617768287659,1,0,1,1.7196907997131348,-0.8373125195503235,-0.9006332755088806,-0.9006332755088806,0.5623617768287659,1,0,1,1.4629950523376465,-0.9881666898727417,-0.9490435123443604,-0.9881666898727417,0.5623617768287659,1,0,1,1.5505285263061523,Mixed,-0.6464611887931824,0.5623617768287659,0.5,Schwarzenegger Arnold,0,0.6410257,25,15,0,40,47,32,0,80,Divided,D
CO,6,2008,-1.0407849550247192,-0.3812335133552551,-0.2204795926809311,NA,-0.8742461800575256,-0.5683801770210266,NA,-1.0407849550247192,-0.5683801770210266,0,0,1,0.472404807806015,NA,NA,NA,NA,NA,NA,-1.0407849550247192,-0.2204795926809311,0,0,1,0.8203054070472717,NA,NA,NA,NA,NA,NA,-1.4373170137405396,-1.5096379518508911,-1.5096379518508911,-1.0407849550247192,0,0,1,1.5096379518508911,-0.49724000692367554,-1.1019669771194458,-1.1019669771194458,-0.49724000692367554,0,0,0,0.604727029800415,-1.2177419662475586,-1.4079660177230835,-1.4079660177230835,-1.0407849550247192,0,0,1,0.3671810030937195,-0.5037146210670471,-1.006546974182129,-1.0407849550247192,-0.5037146210670471,0,0,1,0.5370703935623169,All Liberal,-1.0407849550247192,-0.5683801770210266,1,Ritter Bill,1,0.6,20,15,0,35,40,25,0,65,All Democratic,D
CT,7,2008,0.14040470123291016,-0.5903670787811279,-0.49146708846092224,NA,-0.8948047161102295,-0.8405128717422485,NA,-0.8948047161102295,0.14040470123291016,1,0,1,1.0352094173431396,NA,NA,NA,NA,NA,NA,-0.5903670787811279,0.14040470123291016,1,0,1,0.7307717800140381,NA,NA,NA,NA,NA,NA,-0.8837537169456482,-0.6680935025215149,-0.8837537169456482,0.14040470123291016,1,0,1,0.8837537169456482,-1.0254780054092407,-0.7904171943664551,-1.0254780054092407,0.14040470123291016,1,0,1,1.1658827066421509,-0.535637617111206,-1.1509350538253784,-1.1509350538253784,0.14040470123291016,1,0,1,1.2913397550582886,-0.9244409203529358,-0.8165302872657776,-0.9244409203529358,0.14040470123291016,1,0,1,1.0648455619812012,Mixed,-0.8948047161102295,0.14040470123291016,0.5,Rell M. Jodi,0,0.6666667,24,12,0,36,107,44,0,151,Divided,D
DE,8,2008,-0.6340190768241882,-0.05493110045790672,-0.09907930344343185,NA,-0.10843910276889801,-0.3003501892089844,NA,-0.6340190768241882,-0.10843910276889801,0,0,1,0.5255799889564514,NA,NA,NA,NA,NA,NA,-0.6340190768241882,-0.05493110045790672,0,0,1,0.5790879726409912,NA,NA,NA,NA,NA,NA,-0.42174598574638367,-0.10843910276889801,-0.6340190768241882,-0.10843910276889801,0,0,1,0.6340190768241882,-0.5622087121009827,0.09663280099630356,-0.6340190768241882,0.09663280099630356,1,0,1,0.7306519150733948,-0.5844811201095581,-0.15399910509586334,-0.6340190768241882,-0.15399910509586334,0,0,1,0.4800199866294861,-0.4650624096393585,0.4333113133907318,-0.6340190768241882,0.4333113133907318,1,0,1,1.0673303604125977,All Liberal,-0.6340190768241882,-0.10843910276889801,1,Minner Ruth Ann,1,0.7619048,13,8,0,21,19,22,0,41,All Democratic,S
FL,9,2008,0.5278893113136292,0.32100170850753784,0.22893060743808746,NA,0.4528428018093109,0.42671099305152893,NA,0.42671099305152893,0.5278893113136292,0,1,1,0.10117830336093903,NA,NA,NA,NA,NA,NA,0.22893060743808746,0.5278893113136292,0,1,1,0.2989586889743805,NA,NA,NA,NA,NA,NA,0.45781341195106506,1.142454981803894,0.45781341195106506,1.142454981803894,0,1,0,0.45781341195106506,0.2820171117782593,0.5618994832038879,0.2820171117782593,0.5618994832038879,0,1,0,0.27988240122795105,0.549683690071106,0.44032201170921326,0.44032201170921326,0.549683690071106,0,1,0,0.10936170071363449,0.5291243195533752,NA,NA,NA,NA,NA,NA,NA,All Conservative,0.42671099305152893,0.5278893113136292,0,Crist Charlie,0,0.35,14,26,0,40,42,78,0,120,All Republican,R
GA,10,2008,0.9454516172409058,0.6008942127227783,0.6020498871803284,-0.060051001608371735,0.7499598860740662,0.7829437851905823,-0.17488789558410645,0.7499598860740662,0.9454516172409058,0,1,1,0.1954917013645172,-0.17488789558410645,0.9454516172409058,1,0,1,1.1203395128250122,0.6008942127227783,0.9454516172409058,0,1,1,0.34455740451812744,-0.060051001608371735,0.9454516172409058,1,0,1,1.0055025815963745,0.799247682094574,0.8336536884307861,0.799247682094574,0.9454516172409058,0,1,1,0.799247682094574,0.9174175262451172,0.9292855262756348,0.9174175262451172,0.9454516172409058,0,1,1,0.02803410030901432,0.6175360083580017,0.7957407832145691,0.6175360083580017,0.9454516172409058,0,1,1,0.32791560888290405,0.840671181678772,0.8360478281974792,0.8360478281974792,0.9454516172409058,0,1,1,0.10940379649400711,All Conservative,0.7499598860740662,0.9454516172409058,0,Perdue Sonny,0,0.3928571,22,34,0,56,73,107,0,180,All Republican,R
HI,11,2008,0.2398567944765091,-0.6803305149078369,-0.6322348713874817,NA,-0.8228924870491028,-0.7896360158920288,NA,-0.8228924870491028,0.2398567944765091,1,0,1,1.0627492666244507,NA,NA,NA,NA,NA,NA,-0.6803305149078369,0.2398567944765091,1,0,1,0.9201872944831848,NA,NA,NA,NA,NA,NA,-1.3141249418258667,-0.6841843128204346,-1.3141249418258667,0.2398567944765091,1,0,1,1.3141249418258667,-0.860633373260498,-0.8228924870491028,-0.860633373260498,0.2398567944765091,1,0,1,1.1004902124404907,-0.6593657732009888,-0.8108844757080078,-0.8108844757080078,0.2398567944765091,1,0,1,1.0507413148880005,-0.7351679801940918,-0.7096344232559204,-0.7351679801940918,0.2398567944765091,1,0,1,0.9750248193740845,Mixed,-0.8228924870491028,0.2398567944765091,0.5,Lingle Linda,0,0.92,21,4,0,25,44,7,0,51,Divided,D
IA,15,2008,-0.8288550972938538,-0.005057999864220619,-0.08283840119838715,NA,-0.2520813047885895,-0.34570491313934326,NA,-0.8288550972938538,-0.2520813047885895,0,0,1,0.5767738223075867,NA,NA,NA,NA,NA,NA,-0.8288550972938538,-0.005057999864220619,0,0,1,0.8237971067428589,NA,NA,NA,NA,NA,NA,-0.40492889285087585,-0.46375858783721924,-0.8288550972938538,-0.40492889285087585,0,0,1,0.8288550972938538,NA,NA,NA,NA,NA,NA,NA,NA,-0.7809249758720398,-0.6921030879020691,-0.8288550972938538,-0.6921030879020691,0,0,1,0.13675199449062347,-0.5044726729393005,-0.32660558819770813,-0.8288550972938538,-0.32660558819770813,0,0,1,0.5022494792938232,All Liberal,-0.8288550972938538,-0.2520813047885895,1,Culver Chet,1,0.64,30,20,0,50,53,47,0,100,All Democratic,D
ID,12,2008,1.0886310338974,0.7302243113517761,0.8324285745620728,0.8918290734291077,1.134220004081726,1.084854006767273,0.8789228200912476,1.084854006767273,1.134220004081726,0,1,0,0.049366001039743423,0.8789228200912476,1.134220004081726,0,1,0,0.2552972137928009,0.7302243113517761,1.0886310338974,0,1,1,0.3584066927433014,0.7302243113517761,1.0886310338974,0,1,1,0.3584066927433014,1.059128999710083,1.1816049814224243,1.059128999710083,1.1816049814224243,0,1,0,1.059128999710083,1.176131010055542,1.382768988609314,1.0886310338974,1.382768988609314,0,1,1,0.29413801431655884,1.084854006767273,1.2316550016403198,1.084854006767273,1.2316550016403198,0,1,0,0.14680099487304688,1.1387979984283447,1.1999930143356323,1.0886310338974,1.1999930143356323,0,1,1,0.11136200278997421,All Conservative,1.084854006767273,1.134220004081726,0,"Otter C. L. Butch""",0,0.2,7,28,0,35,19,51,0,70,All Republican,R
IL,13,2008,-0.7922691702842712,-0.34666380286216736,-0.3488757908344269,-0.3510845899581909,-0.5340809226036072,-0.5969467759132385,-0.4531896114349365,-0.7922691702842712,-0.5340809226036072,0,0,1,0.25818830728530884,-0.7922691702842712,-0.4531896114349365,0,0,1,0.3390795886516571,-0.7922691702842712,-0.34666380286216736,0,0,1,0.44560539722442627,-0.7922691702842712,-0.34666380286216736,0,0,1,0.44560539722442627,-0.08495890349149704,-0.5949190258979797,-0.7922691702842712,-0.08495890349149704,0,0,1,0.7922691702842712,-0.5969467759132385,-0.7006893157958984,-0.7922691702842712,-0.5969467759132385,0,0,1,0.19532239437103271,-0.6735299229621887,-0.6681367754936218,-0.7922691702842712,-0.6681367754936218,0,0,1,0.12413240224123001,-0.6069247126579285,-0.8833484053611755,-0.8833484053611755,-0.6069247126579285,0,0,0,0.27642369270324707,All Liberal,-0.7922691702842712,-0.5340809226036072,1,Blagojevich Rod R.,1,0.6271186,37,22,0,59,67,51,0,118,All Democratic,D
IN,14,2008,0.9769362211227417,0.2417687028646469,0.38246938586235046,NA,0.044856101274490356,0.5718883275985718,NA,0.044856101274490356,0.9769362211227417,0,1,1,0.932080090045929,NA,NA,NA,NA,NA,NA,0.2417687028646469,0.9769362211227417,0,1,1,0.7351675033569336,NA,NA,NA,NA,NA,NA,0.7835515141487122,-0.14931060373783112,-0.14931060373783112,0.9769362211227417,1,0,1,0.14931060373783112,0.6955031752586365,-0.4737327992916107,-0.4737327992916107,0.9769362211227417,1,0,1,1.4506690502166748,1.000288963317871,-0.08613219857215881,-0.08613219857215881,1.000288963317871,1,0,0,1.086421251296997,0.8022915720939636,-0.24203810095787048,-0.24203810095787048,0.9769362211227417,1,0,1,1.2189743518829346,All Conservative,0.044856101274490356,0.9769362211227417,0.5,Daniels Mitch,0,0.34,17,33,0,50,51,49,0,100,Divided,S
KS,16,2008,-0.25816428661346436,0.6678736805915833,0.8243234157562256,NA,0.8563122749328613,0.9796242117881775,NA,-0.25816428661346436,0.9796242117881775,1,0,1,1.2377885580062866,NA,NA,NA,NA,NA,NA,-0.25816428661346436,0.8243234157562256,1,0,1,1.08248770236969,NA,NA,NA,NA,NA,NA,1.035452961921692,0.8849725127220154,-0.25816428661346436,1.035452961921692,1,0,1,0.25816428661346436,1.206375002861023,1.066499948501587,-0.25816428661346436,1.206375002861023,1,0,1,1.4645392894744873,0.5529788136482239,0.86125248670578,-0.25816428661346436,0.86125248670578,1,0,1,1.1194168329238892,0.9888154864311218,0.87980717420578,-0.25816428661346436,0.9888154864311218,1,0,1,1.246979832649231,Mixed,-0.25816428661346436,0.9796242117881775,0.5,Sebelius Kathleen,1,0.225,10,30,0,40,47,78,0,125,Divided,R
KY,17,2008,-0.12493229657411575,0.1942209005355835,0.329230397939682,0.11009830236434937,0.025912199169397354,0.5224303007125854,0.04567839950323105,-0.12493229657411575,0.5224303007125854,1,0,1,0.6473625898361206,-0.12493229657411575,0.5224303007125854,1,0,1,0.6473625898361206,-0.12493229657411575,0.329230397939682,1,0,1,0.45416268706321716,-0.12493229657411575,0.329230397939682,1,0,1,0.45416268706321716,0.6243150234222412,0.025912199169397354,-0.12493229657411575,0.6243150234222412,1,0,1,0.12493229657411575,0.6110671758651733,-0.057151999324560165,-0.12493229657411575,0.6110671758651733,1,0,1,0.7359995245933533,0.7401456832885742,-0.034518398344516754,-0.12493229657411575,0.7401456832885742,1,0,1,0.8650779724121094,0.8005390763282776,0.026541000232100487,-0.12493229657411575,0.8005390763282776,1,0,1,0.9254714250564575,Mixed,-0.12493229657411575,0.5224303007125854,0.5,Beshear Steven L.,1,0.4166667,15,22,1,38,62,36,0,100,Divided,S
LA,18,2008,0.9330071210861206,0.45434701442718506,0.44106540083885193,0.2831999957561493,0.4824337959289551,0.4666489064693451,0.12242180109024048,0.4666489064693451,0.9330071210861206,0,1,1,0.4663582146167755,0.12242180109024048,0.9330071210861206,0,1,1,0.8105853199958801,0.44106540083885193,0.9330071210861206,0,1,1,0.4919416904449463,0.2831999957561493,0.9330071210861206,0,1,1,0.6498070955276489,NA,0.4877069890499115,NA,NA,NA,NA,NA,NA,0.3777123987674713,0.729456901550293,0.3777123987674713,0.9330071210861206,0,1,1,0.5552946925163269,0.446856290102005,0.711122989654541,0.446856290102005,0.9330071210861206,0,1,1,0.4861508011817932,0.5443254709243774,0.25830748677253723,0.25830748677253723,0.9330071210861206,0,1,1,0.674699604511261,All Conservative,0.4666489064693451,0.9330071210861206,0.5,Jindal Bobby,0,0.6410257,25,14,0,39,53,49,2,105,Divided,D
MA,21,2008,-1.180243968963623,-0.6640065908432007,-0.6677414178848267,NA,-0.7282382845878601,-0.7151486873626709,NA,-1.180243968963623,-0.7151486873626709,0,0,1,0.46509531140327454,NA,NA,NA,NA,NA,NA,-1.180243968963623,-0.6640065908432007,0,0,1,0.5162373781204224,NA,NA,NA,NA,NA,NA,-0.6683884263038635,-0.66716468334198,-1.180243968963623,-0.66716468334198,0,0,1,1.180243968963623,-0.8865311145782471,-0.6021116971969604,-1.180243968963623,-0.6021116971969604,0,0,1,0.5781322717666626,-0.7769203782081604,-0.8083890080451965,-1.180243968963623,-0.7769203782081604,0,0,1,0.40332359075546265,-0.5812109708786011,-0.5930476784706116,-1.180243968963623,-0.5812109708786011,0,0,1,0.599032998085022,All Liberal,-1.180243968963623,-0.7151486873626709,1,Patrick Deval L.,1,0.875,35,5,0,40,140,19,0,160,All Democratic,D
MD,20,2008,-0.8080496788024902,-0.31693771481513977,-0.22660529613494873,NA,-0.5176444053649902,-0.4535067081451416,NA,-0.8080496788024902,-0.4535067081451416,0,0,1,0.354543000459671,NA,NA,NA,NA,NA,NA,-0.8080496788024902,-0.22660529613494873,0,0,1,0.5814443826675415,NA,NA,NA,NA,NA,NA,-0.4208498001098633,-0.46399858593940735,-0.8080496788024902,-0.4208498001098633,0,0,1,0.8080496788024902,-0.5965818762779236,-0.366661012172699,-0.8080496788024902,-0.366661012172699,0,0,1,0.44138869643211365,-0.5965818762779236,NA,NA,NA,NA,NA,NA,NA,NA,NA,NA,NA,NA,NA,NA,NA,All Liberal,-0.8080496788024902,-0.4535067081451416,1,O'Malley Martin,1,0.7021276,33,14,0,47,104,37,0,141,All Democratic,D
ME,19,2008,-0.9951561093330383,-0.5644587874412537,-0.35222530364990234,NA,-0.9365776777267456,-0.5139850974082947,NA,-0.9951561093330383,-0.5139850974082947,0,0,1,0.48117101192474365,NA,NA,NA,NA,NA,NA,-0.9951561093330383,-0.35222530364990234,0,0,1,0.642930805683136,NA,NA,NA,NA,NA,NA,0.8101823925971985,-1.5532820224761963,-1.5532820224761963,0.8101823925971985,1,0,0,1.5532820224761963,-0.9125158786773682,-1.4741859436035156,-1.4741859436035156,-0.9125158786773682,0,0,0,0.5616701245307922,-1.5742839574813843,-1.0599479675292969,-1.5742839574813843,-0.9951561093330383,0,0,1,0.5791279077529907,-0.8644840121269226,-1.2287520170211792,-1.2287520170211792,-0.8644840121269226,0,0,0,0.3642680048942566,All Liberal,-0.9951561093330383,-0.5139850974082947,1,Baldacci John,1,0.5714286,18,17,0,35,90,59,2,151,All Democratic,D
MI,22,2008,-0.7211772203445435,0.12895800173282623,0.2552816867828369,0.39792919158935547,-0.03764599934220314,0.456708699464798,0.8050320148468018,-0.7211772203445435,0.456708699464798,1,0,1,1.177885890007019,-0.7211772203445435,0.8050320148468018,1,0,1,1.5262092351913452,-0.7211772203445435,0.2552816867828369,1,0,1,0.9764589071273804,-0.7211772203445435,0.39792919158935547,1,0,1,1.119106411933899,0.7194463014602661,-0.08392710238695145,-0.7211772203445435,0.7194463014602661,1,0,1,0.7211772203445435,0.712610125541687,-0.5931485891342163,-0.7211772203445435,0.712610125541687,1,0,1,1.4337873458862305,1.0525330305099487,-0.08598949760198593,-0.7211772203445435,1.0525330305099487,1,0,1,1.7737102508544922,0.7384750843048096,-0.46397140622138977,-0.7211772203445435,0.7384750843048096,1,0,1,1.459652304649353,Mixed,-0.7211772203445435,0.456708699464798,0.5,Granholm Jennifer,1,0.4473684,17,21,0,38,58,52,0,110,Divided,S
MN,23,2008,0.9717094898223877,-0.3794598877429962,-0.3416895866394043,-0.591029703617096,-0.7035561800003052,-0.575121283531189,-0.5862550735473633,-0.7035561800003052,0.9717094898223877,1,0,1,1.6752656698226929,-0.7035561800003052,0.9717094898223877,1,0,1,1.6752656698226929,-0.3794598877429962,0.9717094898223877,1,0,1,1.3511693477630615,-0.591029703617096,0.9717094898223877,1,0,1,1.5627392530441284,-0.6060280203819275,-1.2443599700927734,-1.2443599700927734,0.9717094898223877,1,0,1,1.2443599700927734,NA,-0.9016351103782654,NA,NA,NA,NA,NA,NA,-0.6590909957885742,-0.931562602519989,-0.931562602519989,0.9717094898223877,1,0,1,1.9032721519470215,-0.6554322838783264,NA,NA,NA,NA,NA,NA,NA,Mixed,-0.7035561800003052,0.9717094898223877,0.5,Pawlenty Tim,0,0.6567164,45,22,0,67,85,48,1,134,Divided,D
MO,25,2008,0.9672954082489014,0.21179330348968506,0.19916020333766937,NA,0.6195101737976074,0.6074920892715454,NA,0.6074920892715454,0.9672954082489014,0,1,1,0.35980328917503357,NA,NA,NA,NA,NA,NA,0.19916020333766937,0.9672954082489014,0,1,1,0.7681351900100708,NA,NA,NA,NA,NA,NA,0.612765371799469,0.732702374458313,0.612765371799469,0.9672954082489014,0,1,1,0.612765371799469,0.789681077003479,0.7548863887786865,0.7548863887786865,0.9672954082489014,0,1,1,0.21240900456905365,0.9404821991920471,0.7186924815177917,0.7186924815177917,0.9672954082489014,0,1,1,0.24860289692878723,1.0852320194244385,0.49489280581474304,0.49489280581474304,1.0852320194244385,0,1,0,0.590339183807373,All Conservative,0.6074920892715454,0.9672954082489014,0.5,Blunt Matt,0,0.3235294,14,20,0,34,71,92,0,163,Divided,R
MS,24,2008,1.1030299663543701,0.6640275120735168,0.7541261911392212,0.5975573062896729,0.7484232187271118,0.9424800276756287,0.7591415047645569,0.7484232187271118,1.1030299663543701,0,1,1,0.3546068072319031,0.7484232187271118,1.1030299663543701,0,1,1,0.3546068072319031,0.6640275120735168,1.1030299663543701,0,1,1,0.43900251388549805,0.5975573062896729,1.1030299663543701,0,1,1,0.505472719669342,NA,0.6204041242599487,NA,NA,NA,NA,NA,NA,1.0921469926834106,0.5147119760513306,0.5147119760513306,1.1030299663543701,0,1,1,0.5883179903030396,0.800747811794281,0.4783182144165039,0.4783182144165039,1.1030299663543701,0,1,1,0.624711811542511,1.1498359441757202,0.9941940903663635,0.9941940903663635,1.1498359441757202,0,1,0,0.15564189851284027,All Conservative,0.7484232187271118,1.1030299663543701,0.5,Barbour Haley,0,0.5192308,27,25,0,52,75,47,0,122,Divided,D
MT,26,2008,-1.1566729545593262,-0.07491929829120636,-0.055372100323438644,-0.5490574836730957,0.42258501052856445,-0.1904240995645523,-1.0170899629592896,-1.1566729545593262,0.42258501052856445,1,0,1,1.5792579650878906,-1.1566729545593262,0.42258501052856445,1,0,1,1.5792579650878906,-1.1566729545593262,-0.055372100323438644,0,0,1,1.1013009548187256,-1.1566729545593262,-0.055372100323438644,0,0,1,1.1013009548187256,-1.2834479808807373,1.0480979681015015,-1.2834479808807373,1.0480979681015015,1,0,0,1.2834479808807373,-1.1276789903640747,NA,NA,NA,NA,NA,NA,NA,-1.0660289525985718,1.6680610179901123,-1.1566729545593262,1.6680610179901123,1,0,1,2.8247339725494385,-1.0551124811172485,0.6535292267799377,-1.1566729545593262,0.6535292267799377,1,0,1,1.8102022409439087,Mixed,-1.1566729545593262,0.42258501052856445,0.5,Schweitzer Brian,1,0.46,26,24,0,50,49,50,1,100,Divided,S
NC,33,2008,-0.38788020610809326,0.061758700758218765,0.016517499461770058,-0.023158200085163116,-0.08043040335178375,-0.13537940382957458,0.17303960025310516,-0.38788020610809326,-0.08043040335178375,0,0,1,0.3074497878551483,-0.38788020610809326,0.17303960025310516,1,0,1,0.5609198212623596,-0.38788020610809326,0.061758700758218765,1,0,1,0.44963890314102173,-0.38788020610809326,0.061758700758218765,1,0,1,0.44963890314102173,-0.22191479802131653,-0.5290477871894836,-0.5290477871894836,-0.22191479802131653,0,0,0,0.5290477871894836,-0.2908531129360199,-0.4405522048473358,-0.4405522048473358,-0.2908531129360199,0,0,0,0.1496991068124771,-0.2140498012304306,-0.23142170906066895,-0.38788020610809326,-0.2140498012304306,0,0,1,0.17383040487766266,-0.36282628774642944,-0.07599300146102905,-0.38788020610809326,-0.07599300146102905,0,0,1,0.3118872046470642,All Liberal,-0.38788020610809326,-0.08043040335178375,1,Easley Michael F.,1,0.6,31,19,0,50,68,52,0,120,All Democratic,D
ND,34,2008,1.2795170545578003,0.9352586269378662,0.7034897804260254,NA,1.2686899900436401,1.099357008934021,NA,1.099357008934021,1.2795170545578003,0,1,1,0.18016000092029572,NA,NA,NA,1,0,NA,0.7034897804260254,1.2795170545578003,0,1,1,0.5760272145271301,NA,NA,NA,NA,NA,NA,0.9743890762329102,1.263232946395874,0.9743890762329102,1.2795170545578003,0,1,1,0.9743890762329102,NA,NA,NA,NA,NA,NA,NA,NA,1.0929659605026245,1.4327119588851929,1.0929659605026245,1.4327119588851929,0,1,0,0.33974599838256836,1.5174139738082886,1.3420679569244385,1.2795170545578003,1.5174139738082886,0,1,1,0.23789699375629425,All Conservative,1.099357008934021,1.2795170545578003,0,Hoeven John,0,0.4468085,21,26,0,47,33,61,0,94,All Republican,R
NE,27,2008,0.9859657883644104,NA,0.4282858967781067,NA,NA,0.5705059170722961,NA,0.5705059170722961,0.9859657883644104,0,1,1,0.41545990109443665,NA,NA,NA,1,0,NA,0.4282858967781067,0.9859657883644104,0,1,1,0.5576798915863037,NA,NA,NA,NA,NA,NA,0.8046010136604309,NA,0.8046010136604309,0.9859657883644104,0,1,1,0.8046010136604309,0.5817756056785583,NA,0.5817756056785583,0.9859657883644104,0,1,1,0.40419021248817444,0.21249069273471832,NA,0.21249069273471832,0.9859657883644104,0,1,1,0.7734751105308533,1.1571290493011475,NA,0.9859657883644104,1.1571290493011475,0,1,1,0.17116320133209229,All Conservative,0.5705059170722961,0.9859657883644104,NA,Heineman Dave,0,NA,NA,NA,NA,49,NA,NA,NA,NA,NA,NA
NH,29,2008,-0.9565914273262024,-0.4045563042163849,-0.4570108950138092,NA,-0.9404101967811584,-0.7498329877853394,NA,-0.9565914273262024,-0.7498329877853394,0,0,1,0.20675839483737946,NA,NA,NA,1,0,NA,-0.9565914273262024,-0.4045563042163849,0,0,1,0.5520350933074951,NA,NA,NA,NA,NA,NA,-0.8510900735855103,-0.8564302921295166,-0.9565914273262024,-0.8510900735855103,0,0,1,0.9565914273262024,-1.1160169839859009,-0.9125416278839111,-1.1160169839859009,-0.9125416278839111,0,0,0,0.20347540080547333,-1.1160169839859009,NA,NA,NA,NA,NA,NA,NA,0.48238399624824524,-0.2790060043334961,-0.9565914273262024,0.48238399624824524,1,0,1,1.43897545337677,All Liberal,-0.9565914273262024,-0.7498329877853394,1,Lynch John,1,0.5833333,14,10,0,24,237,158,1,400,All Democratic,D
NJ,30,2008,-0.699531614780426,-0.21592259407043457,-0.16357150673866272,NA,-0.3936319947242737,-0.35512030124664307,NA,-0.699531614780426,-0.35512030124664307,0,0,1,0.34441131353378296,NA,NA,NA,1,0,NA,-0.699531614780426,-0.16357150673866272,0,0,1,0.5359600782394409,NA,NA,NA,NA,NA,NA,-0.39784911274909973,-0.3702344000339508,-0.699531614780426,-0.3702344000339508,0,0,1,0.699531614780426,-0.11205759644508362,-0.30201178789138794,-0.699531614780426,-0.11205759644508362,0,0,1,0.58747398853302,-0.5906894207000732,-0.4389179050922394,-0.699531614780426,-0.4389179050922394,0,0,1,0.26061370968818665,-0.3605597913265228,-0.4094710052013397,-0.699531614780426,-0.3605597913265228,0,0,1,0.3389717936515808,All Liberal,-0.699531614780426,-0.35512030124664307,1,Corzine Jon,1,0.575,23,17,0,40,48,32,0,80,All Democratic,D
NM,31,2008,-0.8499022722244263,-0.3949238061904907,-0.3514742851257324,NA,-0.6235154867172241,-0.6226859092712402,NA,-0.8499022722244263,-0.6226859092712402,0,0,1,0.22721639275550842,NA,NA,NA,1,0,NA,-0.8499022722244263,-0.3514742851257324,0,0,1,0.49842798709869385,NA,NA,NA,NA,NA,NA,-0.8865848183631897,-0.9964879155158997,-0.9964879155158997,-0.8499022722244263,0,0,1,0.9964879155158997,NA,-1.1448609828948975,NA,NA,NA,NA,NA,NA,-0.8174951076507568,-0.8339539170265198,-0.8499022722244263,-0.8174951076507568,0,0,1,0.03240720182657242,-0.62186199426651,-0.5667337775230408,-0.8499022722244263,-0.5667337775230408,0,0,1,0.2831684947013855,All Liberal,-0.8499022722244263,-0.6226859092712402,1,Richardson Bill,1,0.6428571,24,18,0,42,42,28,0,70,All Democratic,D
NV,28,2008,0.5580136179924011,-0.16161909699440002,-0.07961080223321915,-0.28685471415519714,-0.29880490899086,-0.09434690326452255,-0.2893112003803253,-0.29880490899086,0.5580136179924011,1,0,1,0.8568184971809387,-0.29880490899086,0.5580136179924011,1,0,1,0.8568184971809387,-0.16161909699440002,0.5580136179924011,1,0,1,0.7196326851844788,-0.28685471415519714,0.5580136179924011,1,0,1,0.8448683023452759,0.10378109663724899,-0.2516568899154663,-0.2516568899154663,0.5580136179924011,1,0,1,0.2516568899154663,NA,-0.5809447765350342,NA,NA,NA,NA,NA,NA,0.3489519953727722,-0.44140151143074036,-0.44140151143074036,0.5580136179924011,1,0,1,0.9994150996208191,0.22176200151443481,-0.3604218065738678,-0.3604218065738678,0.5580136179924011,1,0,1,0.9184353947639465,Mixed,-0.29880490899086,0.5580136179924011,0.5,Gibbons James A.,0,0.5714286,10,11,0,21,27,15,0,42,Divided,S
NY,32,2008,-0.669964075088501,-0.2877053916454315,-0.22216549515724182,NA,-0.3931959867477417,-0.061031799763441086,NA,-0.669964075088501,-0.061031799763441086,0,0,1,0.6089323163032532,NA,NA,NA,NA,NA,NA,-0.669964075088501,-0.22216549515724182,0,0,1,0.44779860973358154,NA,NA,NA,NA,NA,NA,0.07086340337991714,-0.29227280616760254,-0.669964075088501,0.07086340337991714,1,0,1,0.669964075088501,-0.06308630108833313,-0.5222340226173401,-0.669964075088501,-0.06308630108833313,0,0,1,0.6068778038024902,-0.09376219660043716,-0.7881280779838562,-0.7881280779838562,-0.09376219660043716,0,0,0,0.694365918636322,0.133097305893898,-0.1567181944847107,-0.669964075088501,0.133097305893898,1,0,1,0.8030614256858826,All Liberal,-0.669964075088501,-0.061031799763441086,1,Paterson David A.,1,0.516129,29,33,0,62,108,42,0,150,All Democratic,S
OH,35,2008,-0.6937199234962463,0.15529750287532806,0.3121128976345062,0.7110859155654907,0.626395583152771,0.6828175187110901,0.7981007099151611,-0.6937199234962463,0.6828175187110901,1,0,1,1.3765374422073364,-0.6937199234962463,0.7981007099151611,1,0,1,1.4918205738067627,-0.6937199234962463,0.3121128976345062,1,0,1,1.0058327913284302,-0.6937199234962463,0.7110859155654907,1,0,1,1.4048057794570923,0.6828175187110901,0.7615529894828796,-0.6937199234962463,0.7615529894828796,1,0,1,0.6937199234962463,0.7574806213378906,0.9256343841552734,-0.6937199234962463,0.9256343841552734,1,0,1,1.619354248046875,0.923223078250885,0.9120609164237976,-0.6937199234962463,0.923223078250885,1,0,1,1.6169430017471313,0.7279608249664307,NA,NA,NA,NA,NA,NA,NA,Mixed,-0.6937199234962463,0.6828175187110901,0.5,Strickland Ted,1,0.3636364,12,21,0,33,46,53,0,99,Divided,R
OK,36,2008,0.17286190390586853,0.54091477394104,0.467501699924469,NA,0.6587573885917664,0.5264168977737427,NA,0.17286190390586853,0.6587573885917664,0,1,1,0.4858955144882202,NA,NA,NA,NA,NA,NA,0.17286190390586853,0.54091477394104,0,1,1,0.3680528998374939,NA,NA,NA,NA,NA,NA,0.34087860584259033,0.6662495136260986,0.17286190390586853,0.6662495136260986,0,1,1,0.17286190390586853,-0.021154100075364113,0.7324156165122986,-0.021154100075364113,0.7324156165122986,1,0,0,0.7535697221755981,0.455671489238739,0.7747114896774292,0.17286190390586853,0.7747114896774292,0,1,1,0.6018496155738831,0.5396093726158142,0.8035681247711182,0.17286190390586853,0.8035681247711182,0,1,1,0.6307061910629272,All Conservative,0.17286190390586853,0.6587573885917664,0.5,Henry Brad,1,0.4583333,24,24,0,48,44,57,0,101,Divided,S
OR,37,2008,-0.8176162838935852,-0.3914659023284912,-0.3529202938079834,-0.9118804931640625,-0.3805379867553711,-0.511084794998169,-0.8808119297027588,-0.8176162838935852,-0.3805379867553711,0,0,1,0.4370782971382141,-0.8808119297027588,-0.3805379867553711,0,0,0,0.5002738833427429,-0.8176162838935852,-0.3529202938079834,0,0,1,0.4646959900856018,-0.9118804931640625,-0.3529202938079834,0,0,0,0.5589601993560791,-0.9534689784049988,-1.2941980361938477,-1.2941980361938477,-0.8176162838935852,0,0,1,1.2941980361938477,-0.5646272897720337,-0.8414649963378906,-0.8414649963378906,-0.5646272897720337,0,0,0,0.27683770656585693,-0.8383678197860718,-0.9261035919189453,-0.9261035919189453,-0.8176162838935852,0,0,1,0.10848730057477951,-0.461127907037735,-0.40358030796051025,-0.8176162838935852,-0.40358030796051025,0,0,1,0.41403600573539734,All Liberal,-0.8176162838935852,-0.3805379867553711,1,Kulongoski Ted,1,0.6,18,11,1,30,31,29,0,60,All Democratic,D
PA,38,2008,-0.40512681007385254,0.1420205980539322,0.22167989611625671,0.04473229870200157,0.09927699714899063,0.3746219873428345,0.23991259932518005,-0.40512681007385254,0.3746219873428345,1,0,1,0.779748797416687,-0.40512681007385254,0.3746219873428345,1,0,1,0.779748797416687,-0.40512681007385254,0.22167989611625671,1,0,1,0.6268066763877869,-0.40512681007385254,0.22167989611625671,1,0,1,0.6268066763877869,0.20650669932365417,-0.1860594004392624,-0.40512681007385254,0.20650669932365417,1,0,1,0.40512681007385254,0.4342769980430603,-0.03283130005002022,-0.40512681007385254,0.4342769980430603,1,0,1,0.8394038081169128,0.3912369906902313,-0.03623909875750542,-0.40512681007385254,0.3912369906902313,1,0,1,0.7963637709617615,0.4211355745792389,0.16783149540424347,-0.40512681007385254,0.4211355745792389,1,0,1,0.826262354850769,Mixed,-0.40512681007385254,0.3746219873428345,0.5,Rendell Edward G.,1,0.42,21,29,0,50,102,101,0,203,Divided,S
RI,39,2008,-0.27341631054878235,-0.6758729815483093,-0.7273899912834167,NA,-0.821493923664093,-0.7965341210365295,NA,-0.821493923664093,-0.27341631054878235,0,0,1,0.5480775833129883,NA,NA,NA,NA,NA,NA,-0.7273899912834167,-0.27341631054878235,0,0,1,0.4539737105369568,NA,NA,NA,NA,NA,NA,-0.8172755241394043,-0.773853600025177,-0.8172755241394043,-0.27341631054878235,0,0,1,0.8172755241394043,-1.0638920068740845,-0.8506779074668884,-1.0638920068740845,-0.27341631054878235,0,0,1,0.7904757261276245,-0.683944582939148,-0.8506779074668884,-0.8506779074668884,-0.27341631054878235,0,0,1,0.5772616267204285,NA,NA,NA,NA,NA,NA,NA,NA,All Liberal,-0.821493923664093,-0.27341631054878235,0.5,Carcieri Don,0,0.8918919,33,5,0,38,61,13,1,75,Divided,D
SC,40,2008,0.9632118940353394,0.5884928703308105,0.5490260124206543,NA,0.7177367210388184,0.6308621168136597,NA,0.6308621168136597,0.9632118940353394,0,1,1,0.3323498070240021,NA,NA,NA,NA,NA,NA,0.5490260124206543,0.9632118940353394,0,1,1,0.41418591141700745,NA,NA,NA,NA,NA,NA,0.8863211870193481,0.7340525984764099,0.7340525984764099,0.9632118940353394,0,1,1,0.7340525984764099,0.8863211870193481,0.3309425115585327,0.3309425115585327,0.9632118940353394,0,1,1,0.6322693824768066,0.7197672724723816,0.8511897921562195,0.7197672724723816,0.9632118940353394,0,1,1,0.24344460666179657,0.8847993016242981,NA,NA,NA,NA,NA,NA,NA,All Conservative,0.6308621168136597,0.9632118940353394,0,Sanford Mark,0,0.4130435,19,27,0,46,51,73,0,124,All Republican,R
SD,41,2008,1.3297679424285889,0.8316565155982971,0.5453675985336304,NA,1.015637993812561,0.9389544725418091,NA,0.9389544725418091,1.3297679424285889,0,1,1,0.3908134996891022,NA,NA,NA,NA,NA,NA,0.5453675985336304,1.3297679424285889,0,1,1,0.7844004034996033,NA,NA,NA,NA,NA,NA,0.9642428159713745,1.1269309520721436,0.9642428159713745,1.3297679424285889,0,1,1,0.9642428159713745,1.1536509990692139,0.9203311800956726,0.9203311800956726,1.3297679424285889,0,1,1,0.40943679213523865,1.1834629774093628,1.369570016860962,1.1834629774093628,1.369570016860962,0,1,0,0.18610699474811554,1.0757379531860352,0.9019386768341064,0.9019386768341064,1.3297679424285889,0,1,1,0.4278292953968048,All Conservative,0.9389544725418091,1.3297679424285889,0,Rounds Mike,0,0.4,15,20,0,35,20,50,0,70,All Republican,R
TN,42,2008,0.10464949905872345,0.4788649082183838,0.5114672780036926,NA,0.35825780034065247,0.524466872215271,NA,0.10464949905872345,0.524466872215271,0,1,1,0.41981738805770874,NA,NA,NA,NA,NA,NA,0.10464949905872345,0.5114672780036926,0,1,1,0.40681779384613037,NA,NA,NA,NA,NA,NA,0.7708085775375366,0.2909140884876251,0.10464949905872345,0.7708085775375366,0,1,1,0.10464949905872345,0.609764575958252,0.38871580362319946,0.10464949905872345,0.609764575958252,0,1,1,0.5051150918006897,0.7823336720466614,0.04489139840006828,0.04489139840006828,0.7823336720466614,0,1,0,0.7374423146247864,0.9942132234573364,0.11132720112800598,0.10464949905872345,0.9942132234573364,0,1,1,0.8895636796951294,All Conservative,0.10464949905872345,0.524466872215271,0.5,Bredesen Phil,1,0.4242424,16,16,1,33,53,46,0,99,Divided,S
TX,43,2008,1.076856017112732,0.6420102715492249,0.7733342051506042,0.8499888777732849,0.8259000182151794,0.8697273135185242,0.8634495139122009,0.8259000182151794,1.076856017112732,0,1,1,0.2509559988975525,0.8259000182151794,1.076856017112732,0,1,1,0.2509559988975525,0.6420102715492249,1.076856017112732,0,1,1,0.4348456859588623,0.6420102715492249,1.076856017112732,0,1,1,0.4348456859588623,NA,0.9652209877967834,NA,NA,NA,NA,NA,NA,0.9399691224098206,0.8977243900299072,0.8977243900299072,1.076856017112732,0,1,1,0.17913159728050232,0.9832878112792969,0.9476956725120544,0.9476956725120544,1.076856017112732,0,1,1,0.1291602998971939,0.8280426263809204,0.8444051742553711,0.8280426263809204,1.076856017112732,0,1,1,0.24881340563297272,All Conservative,0.8259000182151794,1.076856017112732,0,Perry Rick,0,0.3870968,11,20,0,31,71,79,0,150,All Republican,R
UT,44,2008,0.5866814255714417,0.7066811919212341,0.722559928894043,NA,0.9606680274009705,0.9503465890884399,NA,0.5866814255714417,0.9606680274009705,0,1,1,0.3739866018295288,NA,NA,NA,NA,NA,NA,0.5866814255714417,0.722559928894043,0,1,1,0.13587850332260132,NA,NA,NA,NA,NA,NA,0.4655199944972992,0.8922271728515625,0.4655199944972992,0.8922271728515625,0,1,0,0.4655199944972992,1.2492129802703857,0.8318793177604675,0.5866814255714417,1.2492129802703857,0,1,1,0.6625316143035889,1.134524941444397,1.086982011795044,0.5866814255714417,1.134524941444397,0,1,1,0.5478435754776001,1.100795030593872,0.9534233808517456,0.5866814255714417,1.100795030593872,0,1,1,0.5141136050224304,All Conservative,0.5866814255714417,0.9606680274009705,0,Huntsman Jon M. Jr.,0,0.2758621,8,21,0,29,20,55,0,75,All Republican,R
VA,46,2008,-1.084157943725586,0.18221110105514526,0.16410289704799652,NA,0.41170528531074524,0.336463987827301,NA,-1.084157943725586,0.41170528531074524,1,0,1,1.4958633184432983,NA,NA,NA,NA,NA,NA,-1.084157943725586,0.18221110105514526,1,0,1,1.266369104385376,NA,NA,NA,NA,NA,NA,0.4108203947544098,0.4243825078010559,-1.084157943725586,0.4243825078010559,1,0,1,1.084157943725586,0.3817630112171173,0.3621787130832672,-1.084157943725586,0.3817630112171173,1,0,1,1.4659210443496704,0.3817630112171173,0.4378891885280609,-1.084157943725586,0.4378891885280609,1,0,1,1.5220471620559692,0.39628928899765015,0.6107242703437805,-1.084157943725586,0.6107242703437805,1,0,1,1.6948822736740112,Mixed,-1.084157943725586,0.41170528531074524,0.5,Kaine Tim,1,0.525,21,19,0,40,44,54,2,100,Divided,S
VT,45,2008,0.8886966705322266,-0.49770408868789673,-0.6489741206169128,NA,-1.050879955291748,-1.0751310586929321,NA,-1.0751310586929321,0.8886966705322266,1,0,1,1.9638277292251587,NA,NA,NA,NA,NA,NA,-0.6489741206169128,0.8886966705322266,1,0,1,1.5376708507537842,NA,NA,NA,NA,NA,NA,-0.5849292278289795,-1.5635859966278076,-1.5635859966278076,0.8886966705322266,1,0,1,1.5635859966278076,-1.592913031578064,-1.8876110315322876,-1.8876110315322876,0.8886966705322266,1,0,1,2.7763075828552246,-1.2567349672317505,-1.7262510061264038,-1.7262510061264038,0.8886966705322266,1,0,1,2.61494779586792,-0.7618358731269836,0.7292727828025818,-0.7618358731269836,0.8886966705322266,1,0,1,1.650532603263855,Mixed,-1.0751310586929321,0.8886966705322266,0.5,Douglas Jim,0,0.7666667,23,7,0,30,93,49,8,150,Divided,D
WA,47,2008,-1.3242000341415405,-0.37418490648269653,-0.34082919359207153,-0.6889348030090332,-0.6589630246162415,-0.5873408913612366,-0.9383540749549866,-1.3242000341415405,-0.5873408913612366,0,0,1,0.7368590831756592,-1.3242000341415405,-0.5873408913612366,0,0,1,0.7368590831756592,-1.3242000341415405,-0.34082919359207153,0,0,1,0.9833707809448242,-1.3242000341415405,-0.34082919359207153,0,0,1,0.9833707809448242,-0.7034947276115417,-0.6299623847007751,-1.3242000341415405,-0.6299623847007751,0,0,1,1.3242000341415405,-1.0584039688110352,-0.6785356998443604,-1.3242000341415405,-0.6785356998443604,0,0,1,0.6456642746925354,-0.7268233895301819,-0.5758237838745117,-1.3242000341415405,-0.5758237838745117,0,0,1,0.748376190662384,-0.7244247794151306,-0.7926431894302368,-1.3242000341415405,-0.7244247794151306,0,0,1,0.5997751951217651,All Liberal,-1.3242000341415405,-0.5873408913612366,1,Gregoire Christine,1,0.6326531,32,17,0,49,63,35,0,98,All Democratic,D
WI,49,2008,-0.7380316853523254,0.06896640360355377,-0.09367190301418304,0.03754879906773567,0.6812824010848999,-0.10967499762773514,0.573217511177063,-0.7380316853523254,0.6812824010848999,1,0,1,1.4193141460418701,-0.7380316853523254,0.6812824010848999,1,0,1,1.4193141460418701,-0.7380316853523254,0.06896640360355377,1,0,1,0.806998074054718,-0.7380316853523254,0.06896640360355377,1,0,1,0.806998074054718,-0.630971372127533,0.6812824010848999,-0.7380316853523254,0.6812824010848999,1,0,1,0.7380316853523254,-1.1312669515609741,0.9820312857627869,-1.1312669515609741,0.9820312857627869,1,0,0,2.1132984161376953,-1.5352189540863037,0.8925263285636902,-1.5352189540863037,0.8925263285636902,1,0,0,2.4277453422546387,-0.10967499762773514,1.0259230136871338,-0.7380316853523254,1.0259230136871338,1,0,1,1.763954758644104,Mixed,-0.7380316853523254,0.6812824010848999,1,Doyle Jim,1,0.5454546,18,15,0,33,47,52,0,99,All Democratic,S
WV,48,2008,-0.18909870088100433,-0.19557960331439972,-0.026027699932456017,NA,-0.2211955040693283,-0.05447870120406151,NA,-0.2211955040693283,-0.05447870120406151,0,0,0,0.1667167991399765,NA,NA,NA,NA,NA,NA,-0.19557960331439972,-0.026027699932456017,0,0,0,0.16955189406871796,NA,NA,NA,NA,NA,NA,-0.31391191482543945,-0.38381239771842957,-0.38381239771842957,-0.18909870088100433,0,0,1,0.38381239771842957,-0.06930399686098099,-0.48046979308128357,-0.48046979308128357,-0.06930399686098099,0,0,0,0.4111658036708832,-0.18421350419521332,-0.5952258706092834,-0.5952258706092834,-0.18421350419521332,0,0,0,0.4110124111175537,-0.6767978072166443,-0.6536561250686646,-0.6767978072166443,-0.18909870088100433,0,0,1,0.48769909143447876,All Liberal,-0.2211955040693283,-0.05447870120406151,1,Manchin Joe III,1,0.8235294,23,11,0,34,72,28,0,100,All Democratic,D
WY,50,2008,-0.2559069097042084,0.6536095142364502,0.715206503868103,NA,1.0238449573516846,0.947359025478363,NA,-0.2559069097042084,1.0238449573516846,1,0,1,1.2797518968582153,NA,NA,NA,NA,NA,NA,-0.2559069097042084,0.715206503868103,1,0,1,0.971113383769989,NA,NA,NA,NA,NA,NA,1.2346830368041992,1.2253520488739014,-0.2559069097042084,1.2346830368041992,1,0,1,0.2559069097042084,0.9266741871833801,1.0926899909973145,-0.2559069097042084,1.0926899909973145,1,0,1,1.3485969305038452,0.9952023029327393,0.8462151288986206,-0.2559069097042084,0.9952023029327393,1,0,1,1.25110924243927,NA,1.251492977142334,NA,NA,NA,NA,NA,NA,Mixed,-0.2559069097042084,1.0238449573516846,0.5,Freudenthal Dave,1,0.2333333,7,23,0,30,17,43,0,60,Divided,R
